step,thickness_nm
0,12
1,12
2,12
3,12
4,12
5,12
6,12
7,12
8,12
9,12
10,12
11,12
12,12
13,12
14,12
15,12
16,13
17,13
18,13
19,13
20,13
21,13
22,13
23,13
24,13
25,13
26,13
27,13
28,13
29,13
30,13
31,13
32,13
33,13
34,13
35,13
36,13
37,13
38,13
39,13
40,13
41,13
42,13
43,13
44,13
45,13
46,13
47,13
48,13
49,13
50,13
51,13
52,13
53,13
54,13
55,13
56,13
57,13
58,13
59,13
60,13
61,13
62,13
63,13
64,13
65,13
66,13
67,13
68,13
69,13
70,13
71,13
72,13
73,13
74,13
75,13
76,13
77,13
78,13
79,13
80,13
81,13
82,13
83,13
84,13
85,13
86,13
87,13
88,13
89,13
90,13
91,13
92,13
93,13
94,13
95,13
96,13
97,13
98,13
99,13
100,13
101,13
102,13
103,13
104,13
105,13
106,13
107,13
108,13
109,13
110,13
111,13
112,13
113,13
114,13
115,13
116,13
117,13
118,13
119,13
120,13
121,13
122,13
123,13
124,13
125,13
126,13
127,13
128,13
129,13
130,13
131,13
132,13
133,13
134,13
135,13
136,13
137,13
138,13
139,13
140,13
141,13
142,13
143,13
144,13
145,13
146,13
147,13
148,13
149,13
150,13
151,13
152,14
153,14
154,14
155,14
156,14
157,14
158,14
159,14
160,14
161,14
162,14
163,14
164,14
165,14
166,14
167,14
168,14
169,14
170,14
171,14
172,14
173,14
174,14
175,14
176,14
177,14
178,14
179,14
180,14
181,15
182,15
183,15
184,15
185,15
186,15
187,15
188,15
189,15
190,15
191,15
192,15
193,15
194,15
195,15
196,15
197,15
198,15
199,15
200,15
201,15
202,15
203,15
204,15
205,15
206,15
207,15
208,15
209,15
210,15
211,15
212,15
213,15
214,15
215,15
216,15
217,15
218,15
219,15
220,15
221,15
222,15
223,15
224,15
225,15
226,15
227,15
228,15
229,15
230,15
231,15
232,15
233,15
234,15
235,15
236,15
237,15
238,15
239,15
240,15
241,15
242,15
243,15
244,15
245,15
246,15
247,15
248,15
249,15
250,15
251,15
252,15
253,15
254,15
255,15
256,15
257,15
258,15
259,15
260,15
261,15
262,15
263,15
264,15
265,15
266,15
267,15
268,15
269,15
270,15
271,15
272,15
273,15
274,15
275,15
276,15
277,15
278,15
279,15
280,15
281,15
282,15
283,15
284,15
285,15
286,15
287,15
288,15
289,15
290,15
291,15
292,15
293,15
294,15
295,15
296,15
297,15
298,15
299,15
300,15
301,15
302,15
303,15
304,15
305,15
306,15
307,15
308,15
309,15
310,15
311,15
312,15
313,15
314,15
315,15
316,15
317,15
318,15
319,15
320,15
321,15
322,15
323,15
324,15
325,15
326,15
327,15
328,15
329,15
330,15
331,15
332,15
333,15
334,15
335,15
336,15
337,15
338,15
339,15
340,15
341,15
342,15
343,15
344,15
345,15
346,15
347,15
348,15
349,15
350,15
351,15
352,15
353,15
354,15
355,15
356,15
357,15
358,15
359,15
360,15
361,15
362,15
363,15
364,15
365,15
366,15
367,15
368,15
369,15
370,15
371,15
372,15
373,15
374,15
375,15
376,15
377,15
378,15
379,15
380,15
381,15
382,15
383,15
384,15
385,15
386,15
387,15
388,15
389,15
390,15
391,15
392,15
393,15
394,15
395,15
396,15
397,15
398,15
399,15
400,15
401,15
402,15
403,15
404,15
405,15
406,15
407,15
408,15
409,15
410,15
411,15
412,15
413,15
414,15
415,15
416,15
417,15
418,15
419,15
420,15
421,15
422,15
423,15
424,15
425,15
426,15
427,15
428,15
429,15
430,15
431,15
432,15
433,15
434,15
435,15
436,15
437,15
438,15
439,15
440,15
441,15
442,15
443,15
444,15
445,15
446,15
447,15
448,15
449,15
450,15
451,15
452,15
453,15
454,15
455,15
456,15
457,15
458,15
459,15
460,15
461,15
462,15
463,15
464,15
465,15
466,15
467,15
468,15
469,15
470,15
471,15
472,15
473,15
474,15
475,15
476,15
477,15
478,15
479,15
480,15
481,15
482,15
483,15
484,15
485,15
486,15
487,15
488,15
489,15
490,15
491,15
492,15
493,15
494,15
495,15
496,15
497,15
498,15
499,15
500,15
501,15
502,15
503,15
504,15
505,15
506,15
507,15
508,15
509,15
510,15
511,15
512,15
513,15
514,15
515,15
516,15
517,15
518,15
519,15
520,15
521,15
522,15
523,15
524,15
525,15
526,15
527,15
528,15
529,15
530,15
531,15
532,15
533,15
534,15
535,15
536,15
537,15
538,15
539,15
540,15
541,15
542,15
543,15
544,15
545,15
546,15
547,15
548,15
549,15
550,15
551,15
552,15
553,15
554,15
555,15
556,15
557,15
558,15
559,15
560,15
561,15
562,15
563,15
564,15
565,15
566,15
567,15
568,15
569,15
570,15
571,15
572,15
573,15
574,15
575,15
576,15
577,15
578,15
579,15
580,15
581,15
582,15
583,15
584,15
585,15
586,15
587,15
588,15
589,15
590,15
591,15
592,15
593,15
594,15
595,15
596,15
597,15
598,15
599,15
600,15
601,15
602,15
603,15
604,15
605,15
606,15
607,15
608,15
609,15
610,15
611,15
612,15
613,15
614,15
615,15
616,15
617,15
618,15
619,15
620,15
621,15
622,15
623,15
624,15
625,15
626,15
627,15
628,15
629,15
630,15
631,15
632,15
633,15
634,15
635,15
636,15
637,15
638,15
639,15
640,15
641,15
642,15
643,15
644,15
645,15
646,15
647,15
648,15
649,15
650,15
651,15
652,15
653,15
654,15
655,15
656,15
657,15
658,15
659,15
660,15
661,15
662,15
663,15
664,15
665,15
666,15
667,15
668,15
669,15
670,15
671,15
672,15
673,15
674,15
675,15
676,15
677,15
678,15
679,15
680,15
681,15
682,15
683,15
684,15
685,15
686,15
687,15
688,15
689,15
690,15
691,15
692,15
693,15
694,15
695,15
696,15
697,15
698,15
699,15
700,15
701,15
702,15
703,15
704,15
705,15
706,15
707,15
708,15
709,15
710,15
711,15
712,15
713,15
714,15
715,15
716,15
717,15
718,15
719,15
720,15
721,15
722,15
723,15
724,15
725,15
726,15
727,15
728,15
729,15
730,15
731,15
732,15
733,15
734,15
735,15
736,15
737,15
738,15
739,15
740,15
741,15
742,15
743,15
744,15
745,15
746,15
747,15
748,15
749,15
750,15
751,15
752,15
753,15
754,15
755,15
756,15
757,15
758,15
759,15
760,15
761,15
762,15
763,15
764,15
765,15
766,15
767,15
768,15
769,15
770,15
771,15
772,15
773,15
774,15
775,15
776,15
777,15
778,15
779,15
780,15
781,15
782,15
783,15
784,15
785,15
786,15
787,15
788,15
789,15
790,15
791,15
792,15
793,15
794,15
795,15
796,15
797,15
798,15
799,15
800,15
801,15
802,15
803,15
804,15
805,15
806,15
807,15
808,15
809,15
810,15
811,15
812,15
813,15
814,15
815,15
816,15
817,15
818,15
819,15
820,15
821,15
822,15
823,15
824,15
825,15
826,15
827,15
828,15
829,15
830,15
831,15
832,15
833,15
834,15
835,15
836,15
837,16
838,16
839,16
840,16
841,16
842,16
843,16
844,16
845,16
846,16
847,16
848,16
849,16
850,16
851,16
852,16
853,16
854,16
855,16
856,16
857,16
858,16
859,16
860,16
861,16
862,16
863,16
864,16
865,16
866,16
867,16
868,16
869,16
870,16
871,16
872,16
873,16
874,16
875,16
876,16
877,16
878,16
879,16
880,16
881,16
882,16
883,16
884,16
885,16
886,16
887,16
888,16
889,16
890,16
891,16
892,16
893,16
894,16
895,16
896,16
897,16
898,16
899,16
900,16
901,16
902,16
903,16
904,16
905,16
906,16
907,16
908,16
909,16
910,16
911,16
912,16
913,16
914,16
915,16
916,16
917,16
918,16
919,16
920,16
921,16
922,16
923,16
924,16
925,16
926,16
927,16
928,16
929,16
930,16
931,16
932,16
933,16
934,16
935,16
936,16
937,16
938,16
939,16
940,16
941,16
942,16
943,16
944,16
945,16
946,16
947,16
948,16
949,16
950,16
951,16
952,16
953,16
954,16
955,16
956,16
957,16
958,16
959,16
960,16
961,16
962,16
963,16
964,16
965,16
966,16
967,16
968,16
969,16
970,16
971,16
972,16
973,16
974,16
975,16
976,16
977,16
978,16
979,16
980,16
981,16
982,16
983,16
984,16
985,16
986,16
987,16
988,16
989,16
990,16
991,16
992,16
993,16
994,16
995,16
996,16
997,16
998,16
999,16
1000,16
1001,16
1002,16
1003,16
1004,16
1005,16
1006,16
1007,16
1008,16
1009,16
1010,16
1011,16
1012,16
1013,16
1014,16
1015,16
1016,16
1017,16
1018,16
1019,16
1020,16
1021,16
1022,16
1023,16
1024,16
1025,16
1026,16
1027,16
1028,16
1029,16
1030,16
1031,16
1032,16
1033,16
1034,16
1035,16
1036,16
1037,16
1038,16
1039,16
1040,16
1041,16
1042,16
1043,16
1044,16
1045,16
1046,16
1047,16
1048,16
1049,16
1050,16
1051,16
1052,16
1053,16
1054,16
1055,16
1056,16
1057,16
1058,16
1059,16
1060,16
1061,16
1062,16
1063,16
1064,16
1065,16
1066,16
1067,16
1068,16
1069,16
1070,16
1071,16
1072,16
1073,16
1074,16
1075,16
1076,16
1077,16
1078,16
1079,16
1080,16
1081,16
1082,16
1083,16
1084,16
1085,16
1086,16
1087,16
1088,16
1089,16
1090,16
1091,16
1092,16
1093,16
1094,16
1095,16
1096,16
1097,16
1098,16
1099,16
1100,16
1101,16
1102,16
1103,16
1104,16
1105,16
1106,16
1107,16
1108,16
1109,16
1110,16
1111,16
1112,16
1113,16
1114,16
1115,16
1116,16
1117,16
1118,16
1119,16
1120,16
1121,16
1122,16
1123,16
1124,16
1125,16
1126,16
1127,16
1128,16
1129,16
1130,16
1131,16
1132,16
1133,16
1134,16
1135,16
1136,16
1137,16
1138,16
1139,16
1140,16
1141,16
1142,16
1143,16
1144,16
1145,16
1146,16
1147,16
1148,16
1149,16
1150,16
1151,16
1152,16
1153,16
1154,16
1155,16
1156,16
1157,16
1158,16
1159,16
1160,16
1161,16
1162,16
1163,16
1164,16
1165,16
1166,16
1167,16
1168,16
1169,16
1170,16
1171,16
1172,16
1173,16
1174,16
1175,16
1176,16
1177,16
1178,16
1179,16
1180,16
1181,16
1182,16
1183,16
1184,16
1185,16
1186,16
1187,16
1188,16
1189,16
1190,16
1191,16
1192,16
1193,16
1194,16
1195,16
1196,16
1197,16
1198,16
1199,16
1200,16
1201,16
1202,16
1203,16
1204,16
1205,16
1206,16
1207,16
1208,16
1209,16
1210,16
1211,16
1212,16
1213,16
1214,16
1215,16
1216,16
1217,16
1218,16
1219,16
1220,16
1221,16
1222,16
1223,16
1224,16
1225,16
1226,16
1227,16
1228,16
1229,16
1230,16
1231,16
1232,16
1233,16
1234,16
1235,16
1236,16
1237,16
1238,16
1239,16
1240,16
1241,16
1242,16
1243,16
1244,16
1245,16
1246,16
1247,16
1248,16
1249,16
1250,16
1251,16
1252,16
1253,16
1254,16
1255,16
1256,16
1257,16
1258,16
1259,16
1260,16
1261,16
1262,16
1263,16
1264,16
1265,16
1266,16
1267,16
1268,16
1269,16
1270,16
1271,16
1272,16
1273,16
1274,16
1275,16
1276,16
1277,16
1278,16
1279,16
1280,16
1281,16
1282,16
1283,16
1284,16
1285,16
1286,16
1287,16
1288,16
1289,16
1290,16
1291,16
1292,16
1293,16
1294,16
1295,16
1296,16
1297,16
1298,16
1299,16
1300,16
1301,16
1302,16
1303,16
1304,16
1305,16
1306,16
1307,16
1308,16
1309,16
1310,16
1311,16
1312,16
1313,16
1314,16
1315,16
1316,16
1317,16
1318,16
1319,16
1320,16
1321,16
1322,16
1323,16
1324,16
1325,16
1326,16
1327,16
1328,16
1329,16
1330,16
1331,16
1332,16
1333,16
1334,16
1335,16
1336,16
1337,16
1338,16
1339,16
1340,16
1341,16
1342,16
1343,16
1344,16
1345,16
1346,16
1347,16
1348,16
1349,16
1350,16
1351,16
1352,16
1353,16
1354,16
1355,16
1356,16
1357,16
1358,16
1359,16
1360,16
1361,16
1362,16
1363,16
1364,16
1365,16
1366,16
1367,16
1368,16
1369,16
1370,16
1371,16
1372,16
1373,16
1374,16
1375,16
1376,16
1377,16
1378,16
1379,16
1380,16
1381,16
1382,16
1383,16
1384,16
1385,16
1386,16
1387,16
1388,16
1389,16
1390,16
1391,16
1392,16
1393,16
1394,16
1395,16
1396,16
1397,16
1398,16
1399,16
1400,16
1401,16
1402,16
1403,16
1404,16
1405,16
1406,16
1407,16
1408,16
1409,16
1410,16
1411,16
1412,16
1413,16
1414,16
1415,16
1416,16
1417,16
1418,16
1419,16
1420,16
1421,16
1422,16
1423,16
1424,16
1425,16
1426,16
1427,16
1428,16
1429,16
1430,16
1431,16
1432,16
1433,16
1434,16
1435,16
1436,16
1437,16
1438,16
1439,16
1440,16
1441,16
1442,16
1443,16
1444,16
1445,16
1446,16
1447,16
1448,16
1449,16
1450,16
1451,16
1452,16
1453,16
1454,16
1455,16
1456,16
1457,16
1458,16
1459,16
1460,16
1461,16
1462,16
1463,16
1464,16
1465,16
1466,16
1467,16
1468,16
1469,16
1470,16
1471,16
1472,16
1473,16
1474,16
1475,16
1476,16
1477,16
1478,16
1479,16
1480,16
1481,16
1482,16
1483,16
1484,16
1485,16
1486,16
1487,16
1488,16
1489,16
1490,16
1491,16
1492,16
1493,16
1494,16
1495,16
1496,16
1497,16
1498,16
1499,16
1500,16
1501,16
1502,16
1503,16
1504,16
1505,16
1506,16
1507,16
1508,16
1509,16
1510,16
1511,16
1512,16
1513,16
1514,16
1515,16
1516,16
1517,16
1518,16
1519,16
1520,16
1521,16
1522,16
1523,16
1524,16
1525,16
1526,16
1527,16
1528,16
1529,16
1530,16
1531,16
1532,16
1533,16
1534,16
1535,16
1536,16
1537,16
1538,16
1539,16
1540,16
1541,16
1542,16
1543,16
1544,16
1545,16
1546,16
1547,16
1548,16
1549,16
1550,16
1551,16
1552,16
1553,16
1554,16
1555,16
1556,16
1557,16
1558,16
1559,16
1560,16
1561,16
1562,16
1563,16
1564,16
1565,16
1566,16
1567,16
1568,16
1569,16
1570,16
1571,16
1572,16
1573,16
1574,16
1575,16
1576,16
1577,16
1578,16
1579,16
1580,16
1581,16
1582,16
1583,16
1584,16
1585,16
1586,16
1587,16
1588,16
1589,16
1590,16
1591,16
1592,16
1593,16
1594,16
1595,16
1596,16
1597,16
1598,16
1599,16
1600,16
1601,16
1602,16
1603,16
1604,16
1605,16
1606,16
1607,16
1608,16
1609,16
1610,16
1611,16
1612,16
1613,16
1614,16
1615,16
1616,16
1617,16
1618,16
1619,16
1620,16
1621,16
1622,16
1623,16
1624,16
1625,16
1626,16
1627,16
1628,16
1629,16
1630,16
1631,16
1632,16
1633,16
1634,16
1635,16
1636,16
1637,16
1638,16
1639,16
1640,16
1641,16
1642,16
1643,16
1644,16
1645,16
1646,16
1647,16
1648,16
1649,16
1650,16
1651,16
1652,16
1653,16
1654,16
1655,16
1656,16
1657,16
1658,16
1659,16
1660,16
1661,16
1662,16
1663,16
1664,16
1665,16
1666,16
1667,16
1668,16
1669,16
1670,16
1671,16
1672,16
1673,16
1674,16
1675,16
1676,16
1677,16
1678,16
1679,16
1680,16
1681,16
1682,16
1683,16
1684,16
1685,16
1686,16
1687,16
1688,16
1689,16
1690,16
1691,16
1692,16
1693,16
1694,16
1695,16
1696,16
1697,16
1698,16
1699,16
1700,16
1701,16
1702,16
1703,16
1704,16
1705,16
1706,16
1707,16
1708,16
1709,16
1710,16
1711,16
1712,16
1713,16
1714,16
1715,16
1716,16
1717,16
1718,16
1719,16
1720,16
1721,16
1722,16
1723,16
1724,16
1725,16
1726,16
1727,16
1728,16
1729,16
1730,16
1731,16
1732,16
1733,16
1734,16
1735,16
1736,16
1737,16
1738,16
1739,16
1740,16
1741,16
1742,16
1743,16
1744,16
1745,16
1746,16
1747,16
1748,16
1749,16
1750,16
1751,16
1752,16
1753,16
1754,16
1755,16
1756,16
1757,16
1758,16
1759,16
1760,16
1761,16
1762,16
1763,16
1764,16
1765,16
1766,16
1767,16
1768,16
1769,16
1770,16
1771,16
1772,16
1773,16
1774,16
1775,16
1776,16
1777,16
1778,16
1779,16
1780,16
1781,16
1782,16
1783,16
1784,16
1785,16
1786,16
1787,16
1788,16
1789,16
1790,16
1791,16
1792,16
1793,16
1794,16
1795,16
1796,16
1797,16
1798,16
1799,16
1800,16
1801,16
1802,16
1803,16
1804,16
1805,16
1806,16
1807,16
1808,16
1809,16
1810,16
1811,16
1812,16
1813,16
1814,16
1815,16
1816,16
1817,16
1818,16
1819,16
1820,16
1821,16
1822,16
1823,16
1824,16
1825,16
1826,16
1827,16
1828,16
1829,16
1830,16
1831,16
1832,16
1833,16
1834,16
1835,16
1836,16
1837,16
1838,16
1839,16
1840,16
1841,16
1842,16
1843,16
1844,16
1845,16
1846,16
1847,16
1848,16
1849,16
1850,16
1851,16
1852,16
1853,16
1854,16
1855,16
1856,16
1857,16
1858,16
1859,16
1860,16
1861,16
1862,16
1863,16
1864,16
1865,16
1866,16
1867,16
1868,16
1869,16
1870,16
1871,16
1872,16
1873,16
1874,16
1875,16
1876,16
1877,16
1878,16
1879,16
1880,16
1881,16
1882,16
1883,16
1884,16
1885,16
1886,16
1887,16
1888,16
1889,16
1890,16
1891,16
1892,16
1893,16
1894,16
1895,16
1896,16
1897,16
1898,16
1899,16
1900,16
1901,16
1902,16
1903,16
1904,16
1905,16
1906,16
1907,16
1908,16
1909,16
1910,16
1911,16
1912,16
1913,16
1914,16
1915,16
1916,16
1917,16
1918,16
1919,16
1920,16
1921,16
1922,16
1923,16
1924,16
1925,16
1926,16
1927,16
1928,16
1929,16
1930,16
1931,16
1932,16
1933,16
1934,16
1935,16
1936,16
1937,16
1938,16
1939,16
1940,16
1941,16
1942,16
1943,16
1944,16
1945,16
1946,16
1947,16
1948,16
1949,16
1950,16
1951,16
1952,16
1953,16
1954,16
1955,16
1956,16
1957,16
1958,16
1959,16
1960,16
1961,16
1962,16
1963,16
1964,16
1965,16
1966,16
1967,16
1968,16
1969,16
1970,16
1971,16
1972,16
1973,16
1974,16
1975,16
1976,16
1977,16
1978,16
1979,16
1980,16
1981,16
1982,16
1983,16
1984,16
1985,16
1986,16
1987,16
1988,16
1989,16
1990,16
1991,16
1992,16
1993,16
1994,16
1995,16
1996,16
1997,16
1998,16
1999,16
2000,16
2001,16
2002,16
2003,16
2004,16
2005,16
2006,16
2007,16
2008,16
2009,16
2010,16
2011,16
2012,16
2013,16
2014,16
2015,16
2016,16
2017,16
2018,16
2019,16
2020,16
2021,16
2022,16
2023,16
2024,16
2025,16
2026,16
2027,16
2028,16
2029,16
2030,16
2031,16
2032,16
2033,16
2034,16
2035,16
2036,16
2037,16
2038,16
2039,16
2040,16
2041,16
2042,16
2043,16
2044,16
2045,16
2046,16
2047,16
2048,16
2049,16
2050,16
2051,16
2052,16
2053,16
2054,16
2055,16
2056,16
2057,16
2058,16
2059,16
2060,16
2061,16
2062,16
2063,16
2064,16
2065,16
2066,16
2067,16
2068,16
2069,16
2070,16
2071,16
2072,16
2073,16
2074,16
2075,16
2076,16
2077,16
2078,16
2079,16
2080,16
2081,16
2082,16
2083,16
2084,16
2085,16
2086,16
2087,16
2088,16
2089,16
2090,16
2091,16
2092,16
2093,16
2094,16
2095,16
2096,16
2097,16
2098,16
2099,16
2100,16
2101,16
2102,16
2103,16
2104,16
2105,16
2106,16
2107,16
2108,16
2109,16
2110,16
2111,16
2112,16
2113,16
2114,16
2115,16
2116,16
2117,16
2118,16
2119,16
2120,16
2121,16
2122,16
2123,16
2124,16
2125,16
2126,16
2127,16
2128,16
2129,16
2130,16
2131,16
2132,16
2133,16
2134,16
2135,16
2136,16
2137,16
2138,16
2139,16
2140,16
2141,16
2142,16
2143,16
2144,16
2145,16
2146,16
2147,16
2148,16
2149,16
2150,16
2151,16
2152,16
2153,16
2154,16
2155,16
2156,16
2157,16
2158,16
2159,16
2160,16
2161,16
2162,16
2163,16
2164,16
2165,16
2166,16
2167,16
2168,16
2169,16
2170,16
2171,16
2172,16
2173,16
2174,16
2175,16
2176,16
2177,16
2178,16
2179,16
2180,16
2181,16
2182,16
2183,16
2184,16
2185,16
2186,16
2187,16
2188,16
2189,16
2190,16
2191,16
2192,16
2193,16
2194,16
2195,16
2196,16
2197,16
2198,16
2199,16
2200,16
2201,16
2202,16
2203,16
2204,16
2205,16
2206,16
2207,16
2208,16
2209,16
2210,16
2211,16
2212,16
2213,16
2214,16
2215,16
2216,16
2217,16
2218,16
2219,16
2220,16
2221,16
2222,16
2223,16
2224,16
2225,16
2226,16
2227,16
2228,16
2229,16
2230,16
2231,16
2232,16
2233,16
2234,16
2235,16
2236,16
2237,16
2238,16
2239,16
2240,16
2241,16
2242,16
2243,16
2244,16
2245,16
2246,16
2247,16
2248,16
2249,16
2250,16
2251,16
2252,16
2253,16
2254,16
2255,16
2256,16
2257,16
2258,16
2259,16
2260,16
2261,16
2262,16
2263,16
2264,16
2265,16
2266,16
2267,16
2268,16
2269,16
2270,16
2271,16
2272,16
2273,16
2274,16
2275,16
2276,16
2277,16
2278,16
2279,16
2280,16
2281,16
2282,16
2283,16
2284,16
2285,16
2286,16
2287,16
2288,16
2289,16
2290,16
2291,16
2292,16
2293,16
2294,16
2295,16
2296,16
2297,16
2298,16
2299,16
2300,16
2301,16
2302,16
2303,16
2304,16
2305,16
2306,16
2307,16
2308,16
2309,16
2310,16
2311,16
2312,16
2313,16
2314,16
2315,16
2316,16
2317,16
2318,16
2319,16
2320,16
2321,16
2322,16
2323,16
2324,16
2325,16
2326,16
2327,16
2328,16
2329,16
2330,16
2331,16
2332,16
2333,16
2334,16
2335,16
2336,16
2337,16
2338,16
2339,16
2340,16
2341,16
2342,16
2343,16
2344,16
2345,16
2346,16
2347,16
2348,16
2349,16
2350,16
2351,16
2352,16
2353,16
2354,16
2355,16
2356,16
2357,16
2358,16
2359,16
2360,16
2361,16
2362,16
2363,16
2364,16
2365,16
2366,16
2367,16
2368,16
2369,16
2370,16
2371,16
2372,16
2373,16
2374,16
2375,16
2376,16
2377,16
2378,16
2379,16
2380,16
2381,16
2382,16
2383,16
2384,16
2385,16
2386,16
2387,16
2388,16
2389,16
2390,16
2391,16
2392,16
2393,16
2394,16
2395,16
2396,16
2397,16
2398,16
2399,16
2400,16
2401,16
2402,16
2403,16
2404,16
2405,16
2406,16
2407,16
2408,16
2409,16
2410,16
2411,16
2412,16
2413,16
2414,16
2415,16
2416,16
2417,16
2418,16
2419,16
2420,16
2421,16
2422,16
2423,16
2424,16
2425,16
2426,16
2427,16
2428,16
2429,16
2430,16
2431,16
2432,16
2433,16
2434,16
2435,16
2436,16
2437,16
2438,16
2439,16
2440,16
2441,16
2442,16
2443,16
2444,16
2445,16
2446,16
2447,16
2448,16
2449,16
2450,16
2451,16
2452,16
2453,16
2454,16
2455,16
2456,16
2457,16
2458,16
2459,16
2460,16
2461,16
2462,16
2463,16
2464,16
2465,16
2466,16
2467,16
2468,16
2469,16
2470,16
2471,16
2472,16
2473,16
2474,16
2475,16
2476,16
2477,16
2478,16
2479,16
2480,16
2481,16
2482,16
2483,16
2484,16
2485,16
2486,16
2487,16
2488,16
2489,16
2490,16
2491,16
2492,16
2493,16
2494,16
2495,16
2496,16
2497,16
2498,16
2499,16
2500,16
2501,16
2502,16
2503,16
2504,16
2505,16
2506,16
2507,16
2508,16
2509,16
2510,16
2511,16
2512,16
2513,16
2514,16
2515,16
2516,16
2517,16
2518,16
2519,16
2520,16
2521,16
2522,16
2523,16
2524,16
2525,16
2526,16
2527,16
2528,16
2529,16
2530,16
2531,16
2532,16
2533,16
2534,16
2535,16
2536,16
2537,16
2538,16
2539,16
2540,16
2541,16
2542,16
2543,16
2544,16
2545,16
2546,16
2547,16
2548,16
2549,16
2550,16
2551,16
2552,16
2553,16
2554,16
2555,16
2556,16
2557,16
2558,16
2559,16
2560,16
2561,16
2562,16
2563,16
2564,16
2565,16
2566,16
2567,16
2568,16
2569,16
2570,16
2571,16
2572,16
2573,16
2574,16
2575,16
2576,16
2577,16
2578,16
2579,16
2580,16
2581,16
2582,16
2583,16
2584,16
2585,16
2586,16
2587,16
2588,16
2589,16
2590,16
2591,16
2592,16
2593,16
2594,16
2595,16
2596,16
2597,16
2598,16
2599,16
2600,16
2601,16
2602,16
2603,16
2604,16
2605,16
2606,16
2607,16
2608,16
2609,16
2610,16
2611,16
2612,16
2613,16
2614,16
2615,16
2616,16
2617,16
2618,16
2619,16
2620,16
2621,16
2622,16
2623,16
2624,16
2625,16
2626,16
2627,16
2628,16
2629,16
2630,16
2631,16
2632,16
2633,16
2634,16
2635,16
2636,16
2637,16
2638,16
2639,16
2640,16
2641,16
2642,16
2643,16
2644,16
2645,16
2646,16
2647,16
2648,16
2649,16
2650,16
2651,16
2652,16
2653,16
2654,16
2655,16
2656,16
2657,16
2658,16
2659,16
2660,16
2661,16
2662,16
2663,16
2664,16
2665,16
2666,16
2667,16
2668,16
2669,16
2670,16
2671,16
2672,16
2673,16
2674,16
2675,16
2676,16
2677,16
2678,16
2679,16
2680,16
2681,16
2682,16
2683,16
2684,16
2685,16
2686,16
2687,16
2688,16
2689,16
2690,16
2691,16
2692,16
2693,16
2694,16
2695,16
2696,16
2697,16
2698,16
2699,16
2700,16
2701,16
2702,16
2703,16
2704,16
2705,16
2706,16
2707,16
2708,16
2709,16
2710,16
2711,16
2712,16
2713,16
2714,16
2715,16
2716,16
2717,16
2718,16
2719,16
2720,16
2721,16
2722,16
2723,16
2724,16
2725,16
2726,16
2727,16
2728,16
2729,16
2730,16
2731,16
2732,16
2733,16
2734,16
2735,16
2736,16
2737,16
2738,16
2739,16
2740,16
2741,16
2742,16
2743,16
2744,16
2745,16
2746,16
2747,16
2748,16
2749,16
2750,16
2751,16
2752,16
2753,16
2754,16
2755,16
2756,16
2757,16
2758,16
2759,16
2760,16
2761,16
2762,16
2763,16
2764,16
2765,16
2766,16
2767,16
2768,16
2769,16
2770,16
2771,16
2772,16
2773,16
2774,16
2775,16
2776,16
2777,16
2778,16
2779,16
2780,16
2781,16
2782,16
2783,16
2784,16
2785,16
2786,16
2787,16
2788,16
2789,16
2790,16
2791,16
2792,16
2793,16
2794,16
2795,16
2796,16
2797,16
2798,16
2799,16
2800,16
2801,16
2802,16
2803,16
2804,16
2805,16
2806,16
2807,16
2808,16
2809,16
2810,16
2811,16
2812,16
2813,16
2814,16
2815,16
2816,16
2817,16
2818,16
2819,16
2820,16
2821,16
2822,16
2823,16
2824,16
2825,16
2826,16
2827,16
2828,16
2829,16
2830,16
2831,16
2832,16
2833,16
2834,16
2835,16
2836,16
2837,16
2838,16
2839,16
2840,16
2841,16
2842,16
2843,16
2844,16
2845,16
2846,16
2847,16
2848,16
2849,16
2850,16
2851,16
2852,16
2853,16
2854,16
2855,16
2856,16
2857,16
2858,16
2859,16
2860,16
2861,16
2862,16
2863,16
2864,16
2865,16
2866,16
2867,16
2868,16
2869,16
2870,16
2871,16
2872,16
2873,16
2874,16
2875,16
2876,16
2877,16
2878,16
2879,16
2880,16
2881,16
2882,16
2883,16
2884,16
2885,16
2886,16
2887,16
2888,16
2889,16
2890,16
2891,16
2892,16
2893,16
2894,16
2895,16
2896,16
2897,16
2898,16
2899,16
2900,16
2901,16
2902,16
2903,16
2904,16
2905,16
2906,16
2907,16
2908,16
2909,16
2910,16
2911,16
2912,16
2913,16
2914,16
2915,16
2916,16
2917,16
2918,16
2919,16
2920,16
2921,16
2922,16
2923,16
2924,16
2925,16
2926,16
2927,16
2928,16
2929,16
2930,16
2931,16
2932,16
2933,16
2934,16
2935,16
2936,16
2937,16
2938,16
2939,16
2940,16
2941,16
2942,16
2943,16
2944,16
2945,16
2946,16
2947,16
2948,16
2949,16
2950,16
2951,16
2952,16
2953,16
2954,16
2955,16
2956,16
2957,16
2958,16
2959,16
2960,16
2961,16
2962,16
2963,16
2964,16
2965,16
2966,16
2967,16
2968,16
2969,16
2970,16
2971,16
2972,16
2973,16
2974,16
2975,16
2976,16
2977,16
2978,16
2979,16
2980,16
2981,16
2982,16
2983,16
2984,16
2985,16
2986,16
2987,16
2988,16
2989,16
2990,16
2991,16
2992,16
2993,16
2994,16
2995,16
2996,16
2997,16
2998,16
2999,16
3000,16
3001,16
3002,16
3003,16
3004,16
3005,16
3006,16
3007,16
3008,16
3009,16
3010,16
3011,16
3012,16
3013,16
3014,16
3015,16
3016,16
3017,16
3018,16
3019,16
3020,16
3021,16
3022,16
3023,16
3024,16
3025,16
3026,16
3027,16
3028,16
3029,16
3030,16
3031,16
3032,16
3033,16
3034,16
3035,16
3036,16
3037,16
3038,16
3039,16
3040,16
3041,16
3042,16
3043,16
3044,16
3045,16
3046,16
3047,16
3048,16
3049,16
3050,16
3051,16
3052,16
3053,16
3054,16
3055,16
3056,16
3057,16
3058,16
3059,16
3060,16
3061,16
3062,16
3063,16
3064,16
3065,16
3066,16
3067,16
3068,16
3069,16
3070,16
3071,16
3072,16
3073,16
3074,16
3075,16
3076,16
3077,16
3078,16
3079,16
3080,16
3081,16
3082,16
3083,16
3084,16
3085,16
3086,16
3087,16
3088,16
3089,16
3090,16
3091,16
3092,16
3093,16
3094,16
3095,16
3096,16
3097,16
3098,16
3099,16
3100,16
3101,16
3102,16
3103,16
3104,16
3105,16
3106,16
3107,16
3108,16
3109,16
3110,16
3111,16
3112,16
3113,16
3114,16
3115,16
3116,16
3117,16
3118,16
3119,16
3120,16
3121,16
3122,16
3123,16
3124,16
3125,16
3126,16
3127,16
3128,16
3129,16
3130,16
3131,16
3132,16
3133,16
3134,16
3135,16
3136,16
3137,16
3138,16
3139,16
3140,16
3141,16
3142,16
3143,16
3144,16
3145,16
3146,16
3147,16
3148,16
3149,16
3150,16
3151,16
3152,16
3153,16
3154,16
3155,16
3156,16
3157,16
3158,16
3159,16
3160,16
3161,16
3162,16
3163,16
3164,16
3165,16
3166,16
3167,16
3168,16
3169,16
3170,16
3171,16
3172,16
3173,16
3174,16
3175,16
3176,16
3177,16
3178,16
3179,16
3180,16
3181,16
3182,16
3183,16
3184,16
3185,16
3186,16
3187,16
3188,16
3189,16
3190,16
3191,16
3192,16
3193,16
3194,16
3195,16
3196,16
3197,16
3198,16
3199,16
3200,16
3201,16
3202,16
3203,16
3204,16
3205,16
3206,16
3207,16
3208,16
3209,16
3210,16
3211,16
3212,16
3213,16
3214,16
3215,16
3216,16
3217,16
3218,16
3219,16
3220,16
3221,16
3222,16
3223,16
3224,16
3225,16
3226,16
3227,16
3228,16
3229,16
3230,16
3231,16
3232,16
3233,16
3234,16
3235,16
3236,16
3237,16
3238,16
3239,16
3240,16
3241,16
3242,16
3243,16
3244,16
3245,16
3246,16
3247,16
3248,16
3249,16
3250,16
3251,16
3252,16
3253,16
3254,16
3255,16
3256,16
3257,16
3258,16
3259,16
3260,16
3261,16
3262,16
3263,16
3264,16
3265,16
3266,16
3267,16
3268,16
3269,16
3270,16
3271,16
3272,16
3273,16
3274,16
3275,16
3276,16
3277,16
3278,16
3279,16
3280,16
3281,16
3282,16
3283,16
3284,16
3285,16
3286,16
3287,16
3288,16
3289,16
3290,16
3291,16
3292,16
3293,16
3294,16
3295,16
3296,16
3297,16
3298,16
3299,16
3300,16
3301,16
3302,16
3303,16
3304,16
3305,16
3306,16
3307,16
3308,16
3309,16
3310,16
3311,16
3312,16
3313,16
3314,16
3315,16
3316,16
3317,16
3318,16
3319,16
3320,16
3321,16
3322,16
3323,16
3324,16
3325,16
3326,16
3327,16
3328,16
3329,16
3330,16
3331,16
3332,16
3333,16
3334,16
3335,16
3336,16
3337,16
3338,16
3339,16
3340,16
3341,16
3342,16
3343,16
3344,16
3345,16
3346,16
3347,16
3348,16
3349,16
3350,16
3351,16
3352,16
3353,16
3354,16
3355,16
3356,16
3357,16
3358,16
3359,16
3360,16
3361,16
3362,16
3363,16
3364,16
3365,16
3366,16
3367,16
3368,16
3369,16
3370,16
3371,16
3372,16
3373,16
3374,16
3375,16
3376,16
3377,16
3378,16
3379,16
3380,16
3381,16
3382,16
3383,16
3384,16
3385,16
3386,16
3387,16
3388,16
3389,16
3390,16
3391,16
3392,16
3393,16
3394,16
3395,16
3396,16
3397,16
3398,16
3399,16
3400,16
3401,16
3402,16
3403,16
3404,16
3405,16
3406,16
3407,16
3408,16
3409,16
3410,16
3411,16
3412,16
3413,16
3414,16
3415,16
3416,16
3417,16
3418,16
3419,16
3420,16
3421,16
3422,16
3423,16
3424,16
3425,16
3426,16
3427,16
3428,16
3429,16
3430,16
3431,16
3432,16
3433,16
3434,16
3435,16
3436,16
3437,16
3438,16
3439,16
3440,16
3441,16
3442,16
3443,16
3444,16
3445,16
3446,16
3447,16
3448,16
3449,16
3450,16
3451,16
3452,16
3453,16
3454,16
3455,16
3456,16
3457,16
3458,16
3459,16
3460,16
3461,16
3462,16
3463,16
3464,16
3465,16
3466,16
3467,16
3468,16
3469,16
3470,16
3471,16
3472,16
3473,16
3474,16
3475,16
3476,16
3477,16
3478,16
3479,16
3480,16
3481,16
3482,16
3483,16
3484,16
3485,16
3486,16
3487,16
3488,16
3489,16
3490,16
3491,16
3492,16
3493,16
3494,16
3495,16
3496,16
3497,16
3498,16
3499,16
3500,16
3501,16
3502,16
3503,16
3504,16
3505,16
3506,16
3507,16
3508,16
3509,16
3510,16
3511,16
3512,16
3513,16
3514,16
3515,16
3516,16
3517,16
3518,16
3519,16
3520,16
3521,16
3522,16
3523,16
3524,16
3525,16
3526,16
3527,16
3528,16
3529,16
3530,16
3531,16
3532,16
3533,16
3534,16
3535,16
3536,16
3537,16
3538,16
3539,16
3540,16
3541,16
3542,16
3543,16
3544,16
3545,16
3546,16
3547,16
3548,16
3549,16
3550,16
3551,16
3552,16
3553,16
3554,16
3555,16
3556,16
3557,16
3558,16
3559,16
3560,16
3561,16
3562,16
3563,16
3564,16
3565,16
3566,16
3567,16
3568,16
3569,16
3570,16
3571,16
3572,16
3573,16
3574,16
3575,16
3576,16
3577,16
3578,16
3579,16
3580,16
3581,16
3582,16
3583,16
3584,16
3585,16
3586,16
3587,16
3588,16
3589,16
3590,16
3591,16
3592,16
3593,16
3594,16
3595,16
3596,16
3597,16
3598,16
3599,16
3600,16
3601,16
3602,16
3603,16
3604,16
3605,16
3606,16
3607,16
3608,16
3609,16
3610,16
3611,16
3612,16
3613,16
3614,16
3615,16
3616,16
3617,16
3618,16
3619,16
3620,16
3621,16
3622,16
3623,16
3624,16
3625,16
3626,16
3627,16
3628,16
3629,16
3630,16
3631,16
3632,16
3633,16
3634,16
3635,16
3636,16
3637,16
3638,16
3639,16
3640,16
3641,16
3642,16
3643,16
3644,16
3645,16
3646,16
3647,16
3648,16
3649,16
3650,16
3651,16
3652,16
3653,16
3654,16
3655,16
3656,16
3657,16
3658,16
3659,16
3660,16
3661,16
3662,16
3663,16
3664,16
3665,16
3666,16
3667,16
3668,16
3669,16
3670,16
3671,16
3672,16
3673,16
3674,16
3675,16
3676,16
3677,16
3678,16
3679,16
3680,16
3681,16
3682,16
3683,16
3684,16
3685,16
3686,16
3687,16
3688,16
3689,16
3690,16
3691,16
3692,16
3693,16
3694,16
3695,16
3696,16
3697,16
3698,16
3699,16
3700,16
3701,16
3702,16
3703,16
3704,16
3705,16
3706,16
3707,16
3708,16
3709,16
3710,16
3711,16
3712,16
3713,16
3714,16
3715,16
3716,16
3717,16
3718,16
3719,16
3720,16
3721,16
3722,16
3723,16
3724,16
3725,16
3726,16
3727,16
3728,16
3729,16
3730,16
3731,16
3732,16
3733,16
3734,16
3735,16
3736,16
3737,16
3738,16
3739,16
3740,16
3741,16
3742,16
3743,16
3744,16
3745,16
3746,16
3747,16
3748,16
3749,16
3750,16
3751,16
3752,16
3753,16
3754,16
3755,16
3756,16
3757,16
3758,16
3759,16
3760,16
3761,16
3762,16
3763,16
3764,16
3765,16
3766,16
3767,16
3768,16
3769,16
3770,16
3771,16
3772,16
3773,16
3774,16
3775,16
3776,16
3777,16
3778,16
3779,16
3780,16
3781,16
3782,16
3783,16
3784,16
3785,16
3786,16
3787,16
3788,16
3789,16
3790,16
3791,16
3792,16
3793,16
3794,16
3795,16
3796,16
3797,16
3798,16
3799,16
3800,16
3801,16
3802,16
3803,16
3804,16
3805,16
3806,16
3807,16
3808,16
3809,16
3810,16
3811,16
3812,16
3813,16
3814,16
3815,16
3816,16
3817,16
3818,16
3819,16
3820,16
3821,16
3822,16
3823,16
3824,16
3825,16
3826,16
3827,16
3828,16
3829,16
3830,16
3831,16
3832,16
3833,16
3834,16
3835,16
3836,16
3837,16
3838,16
3839,16
3840,16
3841,16
3842,16
3843,16
3844,16
3845,16
3846,16
3847,16
3848,16
3849,16
3850,16
3851,16
3852,16
3853,16
3854,16
3855,16
3856,16
3857,16
3858,16
3859,16
3860,16
3861,16
3862,16
3863,16
3864,16
3865,16
3866,16
3867,16
3868,16
3869,16
3870,16
3871,16
3872,16
3873,16
3874,16
3875,16
3876,16
3877,16
3878,16
3879,16
3880,16
3881,16
3882,16
3883,16
3884,16
3885,16
3886,16
3887,16
3888,16
3889,16
3890,16
3891,16
3892,16
3893,16
3894,16
3895,16
3896,16
3897,16
3898,16
3899,16
3900,16
3901,16
3902,16
3903,16
3904,16
3905,16
3906,16
3907,16
3908,16
3909,16
3910,16
3911,16
3912,16
3913,16
3914,16
3915,16
3916,16
3917,16
3918,16
3919,16
3920,16
3921,16
3922,16
3923,16
3924,16
3925,16
3926,16
3927,16
3928,16
3929,16
3930,16
3931,16
3932,16
3933,16
3934,16
3935,16
3936,16
3937,16
3938,16
3939,16
3940,16
3941,16
3942,16
3943,16
3944,16
3945,16
3946,16
3947,16
3948,16
3949,16
3950,16
3951,16
3952,16
3953,16
3954,16
3955,16
3956,16
3957,16
3958,16
3959,16
3960,16
3961,16
3962,16
3963,16
3964,16
3965,16
3966,16
3967,16
3968,16
3969,16
3970,16
3971,16
3972,16
3973,16
3974,16
3975,16
3976,16
3977,16
3978,16
3979,16
3980,16
3981,16
3982,16
3983,16
3984,16
3985,16
3986,16
3987,16
3988,16
3989,16
3990,16
3991,16
3992,16
3993,16
3994,16
3995,16
3996,16
3997,16
3998,16
3999,16
4000,16
4001,16
4002,16
4003,16
4004,16
4005,16
4006,16
4007,16
4008,16
4009,16
4010,16
4011,16
4012,16
4013,16
4014,16
4015,16
4016,16
4017,16
4018,16
4019,16
4020,16
4021,16
4022,16
4023,16
4024,16
4025,16
4026,16
4027,16
4028,16
4029,16
4030,16
4031,16
4032,16
4033,16
4034,16
4035,16
4036,16
4037,16
4038,16
4039,16
4040,16
4041,16
4042,16
4043,16
4044,16
4045,16
4046,16
4047,16
4048,16
4049,16
4050,16
4051,16
4052,16
4053,16
4054,16
4055,16
4056,16
4057,16
4058,16
4059,16
4060,16
4061,16
4062,16
4063,16
4064,16
4065,16
4066,16
4067,16
4068,16
4069,16
4070,16
4071,16
4072,16
4073,16
4074,16
4075,16
4076,16
4077,16
4078,16
4079,16
4080,16
4081,16
4082,16
4083,16
4084,16
4085,16
4086,16
4087,16
4088,16
4089,16
4090,16
4091,16
4092,16
4093,16
4094,16
4095,16
4096,16
4097,16
4098,16
4099,16
4100,16
4101,16
4102,16
4103,16
4104,16
4105,16
4106,16
4107,16
4108,16
4109,16
4110,16
4111,16
4112,16
4113,16
4114,16
4115,16
4116,16
4117,16
4118,16
4119,16
4120,16
4121,16
4122,16
4123,16
4124,16
4125,16
4126,16
4127,16
4128,16
4129,16
4130,16
4131,16
4132,16
4133,16
4134,16
4135,16
4136,16
4137,16
4138,16
4139,16
4140,16
4141,16
4142,16
4143,16
4144,16
4145,16
4146,16
4147,16
4148,16
4149,16
4150,16
4151,16
4152,16
4153,16
4154,16
4155,16
4156,16
4157,16
4158,16
4159,16
4160,16
4161,16
4162,16
4163,16
4164,16
4165,16
4166,16
4167,16
4168,16
4169,16
4170,16
4171,16
4172,16
4173,16
4174,16
4175,16
4176,16
4177,16
4178,16
4179,16
4180,16
4181,16
4182,16
4183,16
4184,16
4185,16
4186,16
4187,16
4188,16
4189,16
4190,16
4191,16
4192,16
4193,16
4194,16
4195,16
4196,16
4197,16
4198,16
4199,16
4200,16
4201,16
4202,16
4203,16
4204,16
4205,16
4206,16
4207,16
4208,16
4209,16
4210,16
4211,16
4212,16
4213,16
4214,16
4215,16
4216,16
4217,16
4218,16
4219,16
4220,16
4221,16
4222,16
4223,16
4224,16
4225,16
4226,16
4227,16
4228,16
4229,16
4230,16
4231,16
4232,16
4233,16
4234,16
4235,16
4236,16
4237,16
4238,16
4239,16
4240,16
4241,16
4242,16
4243,16
4244,16
4245,16
4246,16
4247,16
4248,16
4249,16
4250,16
4251,16
4252,16
4253,16
4254,16
4255,16
4256,16
4257,16
4258,16
4259,16
4260,16
4261,16
4262,16
4263,16
4264,16
4265,16
4266,16
4267,16
4268,16
4269,16
4270,16
4271,16
4272,16
4273,16
4274,16
4275,16
4276,16
4277,16
4278,16
4279,16
4280,16
4281,16
4282,16
4283,16
4284,16
4285,16
4286,16
4287,16
4288,16
4289,16
4290,16
4291,16
4292,16
4293,16
4294,16
4295,16
4296,16
4297,16
4298,16
4299,16
4300,16
4301,16
4302,16
4303,16
4304,16
4305,16
4306,16
4307,16
4308,16
4309,16
4310,16
4311,16
4312,16
4313,16
4314,16
4315,16
4316,16
4317,16
4318,16
4319,16
4320,16
4321,16
4322,16
4323,16
4324,16
4325,16
4326,16
4327,16
4328,16
4329,16
4330,16
4331,16
4332,16
4333,16
4334,16
4335,16
4336,16
4337,16
4338,16
4339,16
4340,16
4341,16
4342,16
4343,16
4344,16
4345,16
4346,16
4347,16
4348,16
4349,16
4350,16
4351,16
4352,16
4353,16
4354,16
4355,16
4356,16
4357,16
4358,16
4359,16
4360,16
4361,16
4362,16
4363,16
4364,16
4365,16
4366,16
4367,16
4368,16
4369,16
4370,16
4371,16
4372,16
4373,16
4374,16
4375,16
4376,16
4377,16
4378,16
4379,16
4380,16
4381,16
4382,16
4383,16
4384,16
4385,16
4386,16
4387,16
4388,16
4389,16
4390,16
4391,16
4392,16
4393,16
4394,16
4395,16
4396,16
4397,16
4398,16
4399,16
4400,16
4401,16
4402,16
4403,16
4404,16
4405,16
4406,16
4407,16
4408,16
4409,16
4410,16
4411,16
4412,16
4413,16
4414,16
4415,16
4416,16
4417,16
4418,16
4419,16
4420,16
4421,16
4422,16
4423,16
4424,16
4425,16
4426,16
4427,16
4428,16
4429,16
4430,16
4431,16
4432,16
4433,16
4434,16
4435,16
4436,16
4437,16
4438,16
4439,16
4440,16
4441,16
4442,16
4443,16
4444,16
4445,16
4446,16
4447,16
4448,16
4449,16
4450,16
4451,16
4452,16
4453,16
4454,16
4455,16
4456,16
4457,16
4458,16
4459,16
4460,16
4461,16
4462,16
4463,16
4464,16
4465,16
4466,16
4467,16
4468,16
4469,16
4470,16
4471,16
4472,16
4473,16
4474,16
4475,16
4476,16
4477,16
4478,16
4479,16
4480,16
4481,16
4482,16
4483,16
4484,16
4485,16
4486,16
4487,16
4488,16
4489,16
4490,16
4491,16
4492,16
4493,16
4494,16
4495,16
4496,16
4497,16
4498,16
4499,16
4500,16
4501,16
4502,16
4503,16
4504,16
4505,16
4506,16
4507,16
4508,16
4509,16
4510,16
4511,16
4512,16
4513,16
4514,16
4515,16
4516,16
4517,16
4518,16
4519,16
4520,16
4521,16
4522,16
4523,16
4524,16
4525,16
4526,16
4527,16
4528,16
4529,16
4530,16
4531,16
4532,16
4533,16
4534,16
4535,16
4536,16
4537,16
4538,16
4539,16
4540,16
4541,16
4542,16
4543,16
4544,16
4545,16
4546,16
4547,16
4548,16
4549,16
4550,16
4551,16
4552,16
4553,16
4554,16
4555,16
4556,16
4557,16
4558,16
4559,16
4560,16
4561,16
4562,16
4563,16
4564,16
4565,16
4566,16
4567,16
4568,16
4569,16
4570,16
4571,16
4572,16
4573,16
4574,16
4575,16
4576,16
4577,16
4578,16
4579,16
4580,16
4581,16
4582,16
4583,16
4584,16
4585,16
4586,16
4587,16
4588,16
4589,16
4590,16
4591,16
4592,16
4593,16
4594,16
4595,16
4596,16
4597,16
4598,16
4599,16
4600,16
4601,16
4602,16
4603,16
4604,16
4605,16
4606,16
4607,16
4608,16
4609,16
4610,16
4611,16
4612,16
4613,16
4614,16
4615,16
4616,16
4617,16
4618,16
4619,16
4620,16
4621,16
4622,16
4623,16
4624,16
4625,16
4626,16
4627,16
4628,16
4629,16
4630,16
4631,16
4632,16
4633,16
4634,16
4635,16
4636,16
4637,16
4638,16
4639,16
4640,16
4641,16
4642,16
4643,16
4644,16
4645,16
4646,16
4647,16
4648,16
4649,16
4650,16
4651,16
4652,16
4653,16
4654,16
4655,16
4656,16
4657,16
4658,16
4659,16
4660,16
4661,16
4662,16
4663,16
4664,16
4665,16
4666,16
4667,16
4668,16
4669,16
4670,16
4671,16
4672,16
4673,16
4674,16
4675,16
4676,16
4677,16
4678,16
4679,16
4680,16
4681,16
4682,16
4683,16
4684,16
4685,16
4686,16
4687,16
4688,16
4689,16
4690,16
4691,16
4692,16
4693,16
4694,16
4695,16
4696,16
4697,16
4698,16
4699,16
4700,16
4701,16
4702,16
4703,16
4704,16
4705,16
4706,16
4707,16
4708,16
4709,16
4710,16
4711,16
4712,16
4713,16
4714,16
4715,16
4716,16
4717,16
4718,16
4719,16
4720,16
4721,16
4722,16
4723,16
4724,16
4725,16
4726,16
4727,16
4728,16
4729,16
4730,16
4731,16
4732,16
4733,16
4734,16
4735,16
4736,16
4737,16
4738,16
4739,16
4740,16
4741,16
4742,16
4743,16
4744,16
4745,16
4746,16
4747,16
4748,16
4749,16
4750,16
4751,16
4752,16
4753,16
4754,16
4755,16
4756,16
4757,16
4758,16
4759,16
4760,16
4761,16
4762,16
4763,16
4764,16
4765,16
4766,16
4767,16
4768,16
4769,16
4770,16
4771,16
4772,16
4773,16
4774,16
4775,16
4776,16
4777,16
4778,16
4779,16
4780,16
4781,16
4782,16
4783,16
4784,16
4785,16
4786,16
4787,16
4788,16
4789,16
4790,16
4791,16
4792,16
4793,16
4794,16
4795,16
4796,16
4797,16
4798,16
4799,16
4800,16
4801,16
4802,16
4803,16
4804,16
4805,16
4806,16
4807,16
4808,16
4809,16
4810,16
4811,16
4812,16
4813,16
4814,16
4815,16
4816,16
4817,16
4818,16
4819,16
4820,16
4821,16
4822,16
4823,16
4824,16
4825,16
4826,16
4827,16
4828,16
4829,16
4830,16
4831,16
4832,16
4833,16
4834,16
4835,16
4836,16
4837,16
4838,16
4839,16
4840,16
4841,16
4842,16
4843,16
4844,16
4845,16
4846,16
4847,16
4848,16
4849,16
4850,16
4851,16
4852,16
4853,16
4854,16
4855,16
4856,16
4857,16
4858,16
4859,16
4860,16
4861,16
4862,16
4863,16
4864,16
4865,16
4866,16
4867,16
4868,16
4869,16
4870,16
4871,16
4872,16
4873,16
4874,16
4875,16
4876,16
4877,16
4878,16
4879,16
4880,16
4881,16
4882,16
4883,16
4884,16
4885,16
4886,16
4887,16
4888,16
4889,16
4890,16
4891,16
4892,16
4893,16
4894,16
4895,16
4896,16
4897,16
4898,16
4899,16
4900,16
4901,16
4902,16
4903,16
4904,16
4905,16
4906,16
4907,16
4908,16
4909,16
4910,16
4911,16
4912,16
4913,16
4914,16
4915,16
4916,16
4917,16
4918,16
4919,16
4920,16
4921,16
4922,16
4923,16
4924,16
4925,16
4926,16
4927,16
4928,16
4929,16
4930,16
4931,16
4932,16
4933,16
4934,16
4935,16
4936,16
4937,16
4938,16
4939,16
4940,16
4941,16
4942,16
4943,16
4944,16
4945,16
4946,16
4947,16
4948,16
4949,16
4950,16
4951,16
4952,16
4953,16
4954,16
4955,16
4956,16
4957,16
4958,16
4959,16
4960,16
4961,16
4962,16
4963,16
4964,16
4965,16
4966,16
4967,16
4968,16
4969,16
4970,16
4971,16
4972,16
4973,16
4974,16
4975,16
4976,16
4977,16
4978,16
4979,16
4980,16
4981,16
4982,16
4983,16
4984,16
4985,16
4986,16
4987,16
4988,16
4989,16
4990,16
4991,16
4992,16
4993,16
4994,16
4995,16
4996,16
4997,16
4998,16
4999,16
5000,16
5001,16
5002,16
5003,16
5004,16
5005,16
5006,16
5007,16
5008,16
5009,16
5010,16
5011,16
5012,16
5013,16
5014,16
5015,16
5016,16
5017,16
5018,16
5019,16
5020,16
5021,16
5022,16
5023,16
5024,16
5025,16
5026,16
5027,16
5028,16
5029,16
5030,16
5031,16
5032,16
5033,16
5034,16
5035,16
5036,16
5037,16
5038,16
5039,16
5040,16
5041,16
5042,16
5043,16
5044,16
5045,16
5046,16
5047,16
5048,16
5049,16
5050,16
5051,16
5052,16
5053,16
5054,16
5055,16
5056,16
5057,16
5058,16
5059,16
5060,16
5061,16
5062,16
5063,16
5064,16
5065,16
5066,16
5067,16
5068,16
5069,16
5070,16
5071,16
5072,16
5073,16
5074,16
5075,16
5076,16
5077,16
5078,16
5079,16
5080,16
5081,16
5082,16
5083,16
5084,16
5085,16
5086,16
5087,16
5088,16
5089,16
5090,16
5091,16
5092,16
5093,16
5094,16
5095,16
5096,16
5097,16
5098,16
5099,16
5100,16
5101,16
5102,16
5103,16
5104,16
5105,16
5106,16
5107,16
5108,16
5109,16
5110,16
5111,16
5112,16
5113,16
5114,16
5115,16
5116,16
5117,16
5118,16
5119,16
5120,16
5121,16
5122,16
5123,16
5124,16
5125,16
5126,16
5127,16
5128,16
5129,16
5130,16
5131,16
5132,16
5133,16
5134,16
5135,16
5136,16
5137,16
5138,16
5139,16
5140,16
5141,16
5142,16
5143,16
5144,16
5145,16
5146,16
5147,16
5148,16
5149,16
5150,16
5151,16
5152,16
5153,16
5154,16
5155,16
5156,16
5157,16
5158,16
5159,16
5160,16
5161,16
5162,16
5163,16
5164,16
5165,16
5166,16
5167,16
5168,16
5169,16
5170,16
5171,16
5172,16
5173,16
5174,16
5175,16
5176,16
5177,16
5178,16
5179,16
5180,16
5181,16
5182,16
5183,16
5184,16
5185,16
5186,16
5187,16
5188,16
5189,16
5190,16
5191,16
5192,16
5193,16
5194,16
5195,16
5196,16
5197,16
5198,16
5199,16
5200,16
5201,16
5202,16
5203,16
5204,16
5205,16
5206,16
5207,16
5208,16
5209,16
5210,16
5211,16
5212,16
5213,16
5214,16
5215,16
5216,16
5217,16
5218,16
5219,16
5220,16
5221,16
5222,16
5223,16
5224,16
5225,16
5226,16
5227,16
5228,16
5229,16
5230,16
5231,16
5232,16
5233,16
5234,16
5235,16
5236,16
5237,16
5238,16
5239,16
5240,16
5241,16
5242,16
5243,16
5244,16
5245,16
5246,16
5247,16
5248,16
5249,16
5250,16
5251,16
5252,16
5253,16
5254,16
5255,16
5256,16
5257,16
5258,16
5259,16
5260,16
5261,16
5262,16
5263,16
5264,16
5265,16
5266,16
5267,16
5268,16
5269,16
5270,16
5271,16
5272,16
5273,16
5274,16
5275,16
5276,16
5277,16
5278,16
5279,16
5280,16
5281,16
5282,16
5283,16
5284,16
5285,16
5286,16
5287,16
5288,16
5289,16
5290,16
5291,16
5292,16
5293,16
5294,16
5295,16
5296,16
5297,16
5298,16
5299,16
5300,16
5301,16
5302,16
5303,16
5304,16
5305,16
5306,16
5307,16
5308,16
5309,16
5310,16
5311,16
5312,16
5313,16
5314,16
5315,16
5316,16
5317,16
5318,16
5319,16
5320,16
5321,16
5322,16
5323,16
5324,16
5325,16
5326,16
5327,16
5328,16
5329,16
5330,16
5331,16
5332,16
5333,16
5334,16
5335,16
5336,16
5337,16
5338,16
5339,16
5340,16
5341,16
5342,16
5343,16
5344,16
5345,16
5346,16
5347,16
5348,16
5349,16
5350,16
5351,16
5352,16
5353,16
5354,16
5355,16
5356,16
5357,16
5358,16
5359,16
5360,16
5361,16
5362,16
5363,16
5364,16
5365,16
5366,16
5367,16
5368,16
5369,16
5370,16
5371,16
5372,16
5373,16
5374,16
5375,16
5376,16
5377,16
5378,16
5379,16
5380,16
5381,16
5382,16
5383,16
5384,16
5385,16
5386,16
5387,16
5388,16
5389,16
5390,16
5391,16
5392,16
5393,16
5394,16
5395,16
5396,16
5397,16
5398,16
5399,16
5400,16
5401,16
5402,16
5403,16
5404,16
5405,16
5406,16
5407,16
5408,16
5409,16
5410,16
5411,16
5412,16
5413,16
5414,16
5415,16
5416,16
5417,16
5418,16
5419,16
5420,16
5421,16
5422,16
5423,16
5424,16
5425,16
5426,16
5427,16
5428,16
5429,16
5430,16
5431,16
5432,16
5433,16
5434,16
5435,16
5436,16
5437,16
5438,16
5439,16
5440,16
5441,16
5442,16
5443,16
5444,16
5445,16
5446,16
5447,16
5448,16
5449,16
5450,16
5451,16
5452,16
5453,16
5454,16
5455,16
5456,16
5457,16
5458,16
5459,16
5460,16
5461,16
5462,16
5463,16
5464,16
5465,16
5466,16
5467,16
5468,16
5469,16
5470,16
5471,16
5472,16
5473,16
5474,16
5475,16
5476,16
5477,16
5478,16
5479,16
5480,16
5481,16
5482,16
5483,16
5484,16
5485,16
5486,16
5487,16
5488,16
5489,16
5490,16
5491,16
5492,16
5493,16
5494,16
5495,16
5496,16
5497,16
5498,16
5499,16
5500,16
5501,16
5502,16
5503,16
5504,16
5505,16
5506,16
5507,16
5508,16
5509,16
5510,16
5511,16
5512,16
5513,16
5514,16
5515,16
5516,16
5517,16
5518,16
5519,16
5520,16
5521,16
5522,16
5523,16
5524,16
5525,16
5526,16
5527,16
5528,16
5529,16
5530,16
5531,16
5532,16
5533,16
5534,16
5535,16
5536,16
5537,16
5538,16
5539,16
5540,16
5541,16
5542,16
5543,16
5544,16
5545,16
5546,16
5547,16
5548,16
5549,16
5550,16
5551,16
5552,16
5553,16
5554,16
5555,16
5556,16
5557,16
5558,16
5559,16
5560,16
5561,16
5562,16
5563,16
5564,16
5565,16
5566,16
5567,16
5568,16
5569,16
5570,16
5571,16
5572,16
5573,16
5574,16
5575,16
5576,16
5577,16
5578,16
5579,16
5580,16
5581,16
5582,16
5583,16
5584,16
5585,16
5586,16
5587,16
5588,16
5589,16
5590,16
5591,16
5592,16
5593,16
5594,16
5595,16
5596,16
5597,16
5598,16
5599,16
5600,16
5601,16
5602,16
5603,16
5604,16
5605,16
5606,16
5607,16
5608,16
5609,16
5610,16
5611,16
5612,16
5613,16
5614,16
5615,16
5616,16
5617,16
5618,16
5619,16
5620,16
5621,16
5622,16
5623,16
5624,16
5625,16
5626,16
5627,16
5628,17
5629,17
5630,17
5631,17
5632,17
5633,17
5634,17
5635,17
5636,17
5637,17
5638,17
5639,17
5640,17
5641,17
5642,17
5643,17
5644,17
5645,17
5646,17
5647,17
5648,17
5649,17
5650,17
5651,17
5652,17
5653,17
5654,17
5655,17
5656,17
5657,17
5658,17
5659,17
5660,17
5661,17
5662,17
5663,17
5664,17
5665,17
5666,17
5667,17
5668,17
5669,17
5670,17
5671,17
5672,17
5673,17
5674,17
5675,17
5676,17
5677,17
5678,17
5679,17
5680,17
5681,17
5682,17
5683,17
5684,17
5685,17
5686,17
5687,17
5688,17
5689,17
5690,17
5691,17
5692,17
5693,17
5694,17
5695,17
5696,17
5697,17
5698,17
5699,17
5700,17
5701,17
5702,17
5703,17
5704,17
5705,17
5706,17
5707,17
5708,17
5709,17
5710,17
5711,17
5712,17
5713,17
5714,17
5715,17
5716,17
5717,17
5718,17
5719,17
5720,17
5721,17
5722,17
5723,17
5724,17
5725,17
5726,17
5727,17
5728,17
5729,17
5730,17
5731,17
5732,17
5733,17
5734,17
5735,17
5736,17
5737,17
5738,17
5739,17
5740,17
5741,17
5742,17
5743,17
5744,17
5745,17
5746,17
5747,17
5748,17
5749,17
5750,17
5751,17
5752,17
5753,17
5754,17
5755,17
5756,17
5757,17
5758,17
5759,17
5760,17
5761,17
5762,17
5763,17
5764,17
5765,17
5766,17
5767,17
5768,17
5769,17
5770,17
5771,17
5772,17
5773,17
5774,17
5775,17
5776,17
5777,17
5778,17
5779,17
5780,17
5781,17
5782,17
5783,17
5784,17
5785,17
5786,17
5787,17
5788,17
5789,17
5790,17
5791,17
5792,17
5793,17
5794,17
5795,17
5796,17
5797,17
5798,17
5799,17
5800,17
5801,17
5802,17
5803,17
5804,17
5805,17
5806,17
5807,17
5808,17
5809,17
5810,17
5811,17
5812,17
5813,17
5814,17
5815,17
5816,17
5817,17
5818,17
5819,17
5820,17
5821,17
5822,17
5823,17
5824,17
5825,17
5826,17
5827,17
5828,17
5829,17
5830,17
5831,17
5832,17
5833,17
5834,17
5835,17
5836,17
5837,17
5838,17
5839,17
5840,17
5841,17
5842,17
5843,17
5844,17
5845,17
5846,17
5847,17
5848,17
5849,17
5850,17
5851,17
5852,17
5853,17
5854,17
5855,17
5856,17
5857,17
5858,17
5859,17
5860,17
5861,17
5862,17
5863,17
5864,17
5865,17
5866,17
5867,17
5868,17
5869,17
5870,17
5871,17
5872,17
5873,17
5874,17
5875,17
5876,17
5877,17
5878,17
5879,17
5880,17
5881,17
5882,17
5883,17
5884,17
5885,17
5886,17
5887,17
5888,17
5889,17
5890,17
5891,17
5892,17
5893,17
5894,17
5895,17
5896,17
5897,17
5898,17
5899,17
5900,17
5901,17
5902,17
5903,17
5904,17
5905,17
5906,17
5907,17
5908,17
5909,17
5910,17
5911,17
5912,17
5913,17
5914,17
5915,17
5916,17
5917,17
5918,17
5919,17
5920,17
5921,17
5922,17
5923,17
5924,17
5925,17
5926,17
5927,17
5928,17
5929,17
5930,17
5931,17
5932,17
5933,17
5934,17
5935,17
5936,17
5937,17
5938,17
5939,17
5940,17
5941,17
5942,17
5943,17
5944,17
5945,17
5946,17
5947,17
5948,17
5949,17
5950,17
5951,17
5952,17
5953,17
5954,17
5955,17
5956,17
5957,17
5958,17
5959,17
5960,17
5961,17
5962,17
5963,17
5964,17
5965,17
5966,17
5967,17
5968,17
5969,17
5970,17
5971,17
5972,17
5973,17
5974,17
5975,17
5976,17
5977,17
5978,17
5979,17
5980,17
5981,17
5982,17
5983,17
5984,17
5985,17
5986,17
5987,17
5988,17
5989,17
5990,17
5991,17
5992,17
5993,17
5994,17
5995,17
5996,17
5997,17
5998,17
5999,17
6000,17
6001,17
6002,17
6003,17
6004,17
6005,17
6006,17
6007,17
6008,17
6009,17
6010,17
6011,17
6012,17
6013,17
6014,17
6015,17
6016,17
6017,17
6018,17
6019,17
6020,17
6021,17
6022,17
6023,17
6024,17
6025,17
6026,17
6027,17
6028,17
6029,17
6030,17
6031,17
6032,17
6033,17
6034,17
6035,17
6036,17
6037,17
6038,17
6039,17
6040,17
6041,17
6042,17
6043,17
6044,17
6045,17
6046,17
6047,17
6048,17
6049,17
6050,17
6051,17
6052,17
6053,17
6054,17
6055,17
6056,17
6057,17
6058,17
6059,17
6060,17
6061,17
6062,17
6063,17
6064,17
6065,17
6066,17
6067,17
6068,17
6069,17
6070,17
6071,17
6072,17
6073,17
6074,17
6075,17
6076,17
6077,17
6078,17
6079,17
6080,17
6081,17
6082,17
6083,17
6084,17
6085,17
6086,17
6087,17
6088,17
6089,17
6090,17
6091,17
6092,17
6093,17
6094,17
6095,17
6096,17
6097,17
6098,17
6099,17
6100,17
6101,17
6102,17
6103,17
6104,17
6105,17
6106,17
6107,17
6108,17
6109,17
6110,17
6111,17
6112,17
6113,17
6114,17
6115,17
6116,17
6117,17
6118,17
6119,17
6120,17
6121,17
6122,17
6123,17
6124,17
6125,17
6126,17
6127,17
6128,17
6129,17
6130,17
6131,17
6132,17
6133,17
6134,17
6135,17
6136,17
6137,17
6138,17
6139,17
6140,17
6141,17
6142,17
6143,17
6144,17
6145,17
6146,17
6147,17
6148,17
6149,17
6150,17
6151,17
6152,17
6153,17
6154,17
6155,17
6156,17
6157,17
6158,17
6159,17
6160,17
6161,17
6162,17
6163,17
6164,17
6165,17
6166,17
6167,17
6168,17
6169,17
6170,17
6171,17
6172,17
6173,17
6174,17
6175,17
6176,17
6177,17
6178,17
6179,17
6180,17
6181,17
6182,17
6183,17
6184,17
6185,17
6186,17
6187,17
6188,17
6189,17
6190,17
6191,17
6192,17
6193,17
6194,17
6195,17
6196,17
6197,17
6198,17
6199,17
6200,17
6201,17
6202,17
6203,17
6204,17
6205,17
6206,17
6207,17
6208,17
6209,17
6210,17
6211,17
6212,17
6213,17
6214,17
6215,17
6216,17
6217,17
6218,17
6219,17
6220,17
6221,17
6222,17
6223,17
6224,17
6225,17
6226,17
6227,17
6228,17
6229,17
6230,17
6231,17
6232,17
6233,17
6234,17
6235,17
6236,17
6237,17
6238,17
6239,17
6240,17
6241,17
6242,17
6243,17
6244,17
6245,17
6246,17
6247,17
6248,17
6249,17
6250,17
6251,17
6252,17
6253,17
6254,17
6255,17
6256,17
6257,17
6258,17
6259,17
6260,17
6261,17
6262,17
6263,17
6264,17
6265,17
6266,17
6267,17
6268,17
6269,17
6270,17
6271,17
6272,17
6273,17
6274,17
6275,17
6276,17
6277,17
6278,17
6279,17
6280,17
6281,17
6282,17
6283,17
6284,17
6285,17
6286,17
6287,17
6288,17
6289,17
6290,17
6291,17
6292,17
6293,17
6294,17
6295,17
6296,17
6297,17
6298,17
6299,17
6300,17
6301,17
6302,17
6303,17
6304,17
6305,17
6306,17
6307,17
6308,17
6309,17
6310,17
6311,17
6312,17
6313,17
6314,17
6315,17
6316,17
6317,17
6318,17
6319,17
6320,17
6321,17
6322,17
6323,17
6324,17
6325,17
6326,17
6327,17
6328,17
6329,17
6330,17
6331,17
6332,17
6333,17
6334,17
6335,17
6336,17
6337,17
6338,17
6339,17
6340,17
6341,17
6342,17
6343,17
6344,17
6345,17
6346,17
6347,17
6348,17
6349,17
6350,17
6351,17
6352,17
6353,17
6354,17
6355,17
6356,17
6357,17
6358,17
6359,17
6360,17
6361,17
6362,17
6363,17
6364,17
6365,17
6366,17
6367,17
6368,17
6369,17
6370,17
6371,17
6372,17
6373,17
6374,17
6375,17
6376,17
6377,17
6378,17
6379,17
6380,17
6381,17
6382,17
6383,17
6384,17
6385,17
6386,17
6387,17
6388,17
6389,17
6390,17
6391,17
6392,17
6393,17
6394,17
6395,17
6396,17
6397,17
6398,17
6399,17
6400,17
6401,17
6402,17
6403,17
6404,17
6405,17
6406,17
6407,17
6408,17
6409,17
6410,17
6411,17
6412,17
6413,17
6414,17
6415,17
6416,17
6417,17
6418,17
6419,17
6420,17
6421,17
6422,17
6423,17
6424,17
6425,17
6426,17
6427,17
6428,17
6429,17
6430,17
6431,17
6432,17
6433,17
6434,17
6435,17
6436,17
6437,17
6438,17
6439,17
6440,17
6441,17
6442,17
6443,17
6444,17
6445,17
6446,17
6447,17
6448,17
6449,17
6450,17
6451,17
6452,17
6453,17
6454,17
6455,17
6456,17
6457,17
6458,17
6459,17
6460,17
6461,17
6462,17
6463,17
6464,17
6465,17
6466,17
6467,17
6468,17
6469,17
6470,17
6471,17
6472,17
6473,17
6474,17
6475,17
6476,17
6477,17
6478,17
6479,17
6480,17
6481,17
6482,17
6483,17
6484,17
6485,17
6486,17
6487,17
6488,17
6489,17
6490,17
6491,17
6492,17
6493,17
6494,17
6495,17
6496,17
6497,17
6498,17
6499,17
6500,17
6501,17
6502,17
6503,17
6504,17
6505,17
6506,17
6507,17
6508,17
6509,17
6510,17
6511,17
6512,17
6513,17
6514,17
6515,17
6516,17
6517,17
6518,17
6519,17
6520,17
6521,17
6522,17
6523,17
6524,17
6525,17
6526,17
6527,17
6528,17
6529,17
6530,17
6531,17
6532,17
6533,17
6534,17
6535,17
6536,17
6537,17
6538,17
6539,17
6540,17
6541,17
6542,17
6543,17
6544,17
6545,17
6546,17
6547,17
6548,17
6549,17
6550,17
6551,17
6552,17
6553,17
6554,17
6555,17
6556,17
6557,17
6558,17
6559,17
6560,17
6561,17
6562,17
6563,17
6564,17
6565,17
6566,17
6567,17
6568,17
6569,17
6570,17
6571,17
6572,17
6573,17
6574,17
6575,17
6576,17
6577,17
6578,17
6579,17
6580,17
6581,17
6582,17
6583,17
6584,17
6585,17
6586,17
6587,17
6588,17
6589,17
6590,17
6591,17
6592,17
6593,17
6594,17
6595,17
6596,17
6597,17
6598,17
6599,17
6600,17
6601,17
6602,17
6603,17
6604,17
6605,17
6606,17
6607,17
6608,17
6609,17
6610,17
6611,17
6612,17
6613,17
6614,17
6615,17
6616,17
6617,17
6618,17
6619,17
6620,17
6621,17
6622,17
6623,17
6624,17
6625,17
6626,17
6627,17
6628,17
6629,17
6630,17
6631,17
6632,17
6633,17
6634,17
6635,17
6636,17
6637,17
6638,17
6639,17
6640,17
6641,17
6642,17
6643,17
6644,17
6645,17
6646,17
6647,17
6648,17
6649,17
6650,17
6651,17
6652,17
6653,17
6654,17
6655,17
6656,17
6657,17
6658,17
6659,17
6660,17
6661,17
6662,17
6663,17
6664,17
6665,17
6666,17
6667,17
6668,17
6669,17
6670,17
6671,17
6672,17
6673,17
6674,17
6675,17
6676,17
6677,17
6678,17
6679,17
6680,17
6681,17
6682,17
6683,17
6684,17
6685,17
6686,17
6687,17
6688,17
6689,17
6690,17
6691,17
6692,17
6693,17
6694,17
6695,17
6696,17
6697,17
6698,17
6699,17
6700,17
6701,17
6702,17
6703,17
6704,17
6705,17
6706,17
6707,17
6708,17
6709,17
6710,17
6711,17
6712,17
6713,17
6714,17
6715,17
6716,17
6717,17
6718,17
6719,17
6720,17
6721,17
6722,17
6723,17
6724,17
6725,17
6726,17
6727,17
6728,17
6729,17
6730,17
6731,17
6732,17
6733,17
6734,17
6735,17
6736,17
6737,17
6738,17
6739,17
6740,17
6741,17
6742,17
6743,17
6744,17
6745,17
6746,17
6747,17
6748,17
6749,17
6750,17
6751,17
6752,17
6753,17
6754,17
6755,17
6756,17
6757,17
6758,17
6759,17
6760,17
6761,17
6762,17
6763,17
6764,17
6765,17
6766,17
6767,17
6768,17
6769,17
6770,17
6771,17
6772,17
6773,17
6774,17
6775,17
6776,17
6777,17
6778,17
6779,17
6780,17
6781,17
6782,17
6783,17
6784,17
6785,17
6786,17
6787,17
6788,17
6789,17
6790,17
6791,17
6792,17
6793,17
6794,17
6795,17
6796,17
6797,17
6798,17
6799,17
6800,17
6801,17
6802,17
6803,17
6804,17
6805,17
6806,17
6807,17
6808,17
6809,17
6810,17
6811,17
6812,17
6813,17
6814,17
6815,17
6816,17
6817,17
6818,17
6819,17
6820,17
6821,17
6822,17
6823,17
6824,17
6825,17
6826,17
6827,17
6828,17
6829,17
6830,17
6831,17
6832,17
6833,17
6834,17
6835,17
6836,17
6837,17
6838,17
6839,17
6840,17
6841,17
6842,17
6843,17
6844,17
6845,17
6846,17
6847,17
6848,17
6849,17
6850,17
6851,17
6852,17
6853,17
6854,17
6855,17
6856,17
6857,17
6858,17
6859,17
6860,17
6861,17
6862,17
6863,17
6864,17
6865,17
6866,17
6867,17
6868,17
6869,17
6870,17
6871,17
6872,17
6873,17
6874,17
6875,17
6876,17
6877,17
6878,17
6879,17
6880,17
6881,17
6882,17
6883,17
6884,17
6885,17
6886,17
6887,17
6888,17
6889,17
6890,17
6891,17
6892,17
6893,17
6894,17
6895,17
6896,17
6897,17
6898,17
6899,17
6900,17
6901,17
6902,17
6903,17
6904,17
6905,17
6906,17
6907,17
6908,17
6909,17
6910,17
6911,17
6912,17
6913,17
6914,17
6915,17
6916,17
6917,17
6918,17
6919,17
6920,17
6921,17
6922,17
6923,17
6924,17
6925,17
6926,17
6927,17
6928,17
6929,17
6930,17
6931,17
6932,17
6933,17
6934,17
6935,17
6936,17
6937,17
6938,17
6939,17
6940,17
6941,17
6942,17
6943,17
6944,17
6945,17
6946,17
6947,17
6948,17
6949,17
6950,17
6951,17
6952,17
6953,17
6954,17
6955,17
6956,17
6957,17
6958,17
6959,17
6960,17
6961,17
6962,17
6963,17
6964,17
6965,17
6966,17
6967,17
6968,17
6969,17
6970,17
6971,17
6972,17
6973,17
6974,17
6975,17
6976,17
6977,17
6978,17
6979,17
6980,17
6981,17
6982,17
6983,17
6984,17
6985,17
6986,17
6987,17
6988,17
6989,17
6990,17
6991,17
6992,17
6993,17
6994,17
6995,17
6996,17
6997,17
6998,17
6999,17
7000,17
7001,17
7002,17
7003,17
7004,17
7005,17
7006,17
7007,17
7008,17
7009,17
7010,17
7011,17
7012,17
7013,17
7014,17
7015,17
7016,17
7017,17
7018,17
7019,17
7020,17
7021,17
7022,17
7023,17
7024,17
7025,17
7026,17
7027,17
7028,17
7029,17
7030,17
7031,17
7032,17
7033,17
7034,17
7035,17
7036,17
7037,17
7038,17
7039,17
7040,17
7041,17
7042,17
7043,17
7044,17
7045,17
7046,17
7047,17
7048,17
7049,17
7050,17
7051,17
7052,17
7053,17
7054,17
7055,17
7056,17
7057,17
7058,17
7059,17
7060,17
7061,17
7062,17
7063,17
7064,17
7065,17
7066,17
7067,17
7068,17
7069,17
7070,17
7071,17
7072,17
7073,17
7074,17
7075,17
7076,17
7077,17
7078,17
7079,17
7080,17
7081,17
7082,17
7083,17
7084,17
7085,17
7086,17
7087,17
7088,17
7089,17
7090,17
7091,17
7092,17
7093,17
7094,17
7095,17
7096,17
7097,17
7098,17
7099,17
7100,17
7101,17
7102,17
7103,17
7104,17
7105,17
7106,17
7107,17
7108,17
7109,17
7110,17
7111,17
7112,17
7113,17
7114,17
7115,17
7116,17
7117,17
7118,17
7119,17
7120,17
7121,17
7122,17
7123,17
7124,17
7125,17
7126,17
7127,17
7128,17
7129,17
7130,17
7131,17
7132,17
7133,17
7134,17
7135,17
7136,17
7137,17
7138,17
7139,17
7140,17
7141,17
7142,17
7143,17
7144,17
7145,17
7146,17
7147,17
7148,17
7149,17
7150,17
7151,17
7152,17
7153,17
7154,17
7155,17
7156,17
7157,17
7158,17
7159,17
7160,17
7161,17
7162,17
7163,17
7164,17
7165,17
7166,17
7167,17
7168,17
7169,17
7170,17
7171,17
7172,17
7173,17
7174,17
7175,17
7176,17
7177,17
7178,17
7179,17
7180,17
7181,17
7182,17
7183,17
7184,17
7185,17
7186,17
7187,17
7188,17
7189,17
7190,17
7191,17
7192,17
7193,17
7194,17
7195,17
7196,17
7197,17
7198,17
7199,17
7200,17
7201,17
7202,17
7203,17
7204,17
7205,17
7206,17
7207,17
7208,17
7209,17
7210,17
7211,17
7212,17
7213,17
7214,17
7215,17
7216,17
7217,17
7218,17
7219,17
7220,17
7221,17
7222,17
7223,17
7224,17
7225,17
7226,17
7227,17
7228,17
7229,17
7230,17
7231,17
7232,17
7233,17
7234,17
7235,17
7236,17
7237,17
7238,17
7239,17
7240,17
7241,17
7242,17
7243,17
7244,17
7245,17
7246,17
7247,17
7248,17
7249,17
7250,17
7251,17
7252,17
7253,17
7254,17
7255,17
7256,17
7257,17
7258,17
7259,17
7260,17
7261,17
7262,17
7263,17
7264,17
7265,17
7266,17
7267,17
7268,17
7269,17
7270,17
7271,17
7272,17
7273,17
7274,17
7275,17
7276,17
7277,17
7278,17
7279,17
7280,17
7281,17
7282,17
7283,17
7284,17
7285,17
7286,17
7287,17
7288,17
7289,17
7290,17
7291,17
7292,17
7293,17
7294,17
7295,17
7296,17
7297,17
7298,17
7299,17
7300,17
7301,17
7302,17
7303,17
7304,17
7305,17
7306,17
7307,17
7308,17
7309,17
7310,17
7311,17
7312,17
7313,17
7314,17
7315,17
7316,17
7317,17
7318,17
7319,17
7320,17
7321,17
7322,17
7323,17
7324,17
7325,17
7326,17
7327,17
7328,17
7329,17
7330,17
7331,17
7332,17
7333,17
7334,17
7335,17
7336,17
7337,17
7338,17
7339,17
7340,17
7341,17
7342,17
7343,17
7344,17
7345,17
7346,17
7347,17
7348,17
7349,17
7350,17
7351,17
7352,17
7353,17
7354,17
7355,17
7356,17
7357,17
7358,17
7359,17
7360,17
7361,17
7362,17
7363,17
7364,17
7365,17
7366,17
7367,17
7368,17
7369,17
7370,17
7371,17
7372,17
7373,17
7374,17
7375,17
7376,17
7377,17
7378,17
7379,17
7380,17
7381,17
7382,17
7383,17
7384,17
7385,17
7386,17
7387,17
7388,17
7389,17
7390,17
7391,17
7392,17
7393,17
7394,17
7395,17
7396,17
7397,17
7398,17
7399,17
7400,17
7401,17
7402,17
7403,17
7404,17
7405,17
7406,17
7407,17
7408,17
7409,17
7410,17
7411,17
7412,17
7413,17
7414,17
7415,17
7416,17
7417,17
7418,17
7419,17
7420,17
7421,17
7422,17
7423,17
7424,17
7425,17
7426,17
7427,17
7428,17
7429,17
7430,17
7431,17
7432,17
7433,17
7434,17
7435,17
7436,17
7437,17
7438,17
7439,17
7440,17
7441,17
7442,17
7443,17
7444,17
7445,17
7446,17
7447,17
7448,17
7449,17
7450,17
7451,17
7452,17
7453,17
7454,17
7455,17
7456,17
7457,17
7458,17
7459,17
7460,17
7461,17
7462,17
7463,17
7464,17
7465,17
7466,17
7467,17
7468,17
7469,17
7470,17
7471,17
7472,17
7473,17
7474,17
7475,17
7476,17
7477,17
7478,17
7479,17
7480,17
7481,17
7482,17
7483,17
7484,17
7485,17
7486,17
7487,17
7488,17
7489,17
7490,17
7491,17
7492,17
7493,17
7494,17
7495,17
7496,17
7497,17
7498,17
7499,17
7500,17
7501,17
7502,17
7503,17
7504,17
7505,17
7506,17
7507,17
7508,17
7509,17
7510,17
7511,17
7512,17
7513,17
7514,17
7515,17
7516,17
7517,17
7518,17
7519,17
7520,17
7521,17
7522,17
7523,17
7524,17
7525,17
7526,17
7527,17
7528,17
7529,17
7530,17
7531,17
7532,17
7533,17
7534,17
7535,17
7536,17
7537,17
7538,17
7539,17
7540,17
7541,17
7542,17
7543,17
7544,17
7545,17
7546,17
7547,17
7548,17
7549,17
7550,17
7551,17
7552,17
7553,17
7554,17
7555,17
7556,17
7557,17
7558,17
7559,17
7560,17
7561,17
7562,17
7563,17
7564,17
7565,17
7566,17
7567,17
7568,17
7569,17
7570,17
7571,17
7572,17
7573,17
7574,17
7575,17
7576,17
7577,17
7578,17
7579,17
7580,17
7581,17
7582,17
7583,17
7584,17
7585,17
7586,17
7587,17
7588,17
7589,17
7590,17
7591,17
7592,17
7593,17
7594,17
7595,17
7596,17
7597,17
7598,17
7599,17
7600,17
7601,17
7602,17
7603,17
7604,17
7605,17
7606,17
7607,17
7608,17
7609,17
7610,17
7611,17
7612,17
7613,17
7614,17
7615,17
7616,17
7617,17
7618,17
7619,17
7620,17
7621,17
7622,17
7623,17
7624,17
7625,17
7626,17
7627,17
7628,17
7629,17
7630,17
7631,17
7632,17
7633,17
7634,17
7635,17
7636,17
7637,17
7638,17
7639,17
7640,17
7641,17
7642,17
7643,17
7644,17
7645,17
7646,17
7647,17
7648,17
7649,17
7650,17
7651,17
7652,17
7653,17
7654,17
7655,17
7656,17
7657,17
7658,17
7659,17
7660,17
7661,17
7662,17
7663,17
7664,17
7665,17
7666,17
7667,17
7668,17
7669,17
7670,17
7671,17
7672,17
7673,17
7674,17
7675,17
7676,17
7677,17
7678,17
7679,17
7680,17
7681,17
7682,17
7683,17
7684,17
7685,17
7686,17
7687,17
7688,17
7689,17
7690,17
7691,17
7692,17
7693,17
7694,17
7695,17
7696,17
7697,17
7698,17
7699,17
7700,17
7701,17
7702,17
7703,17
7704,17
7705,17
7706,17
7707,17
7708,17
7709,17
7710,17
7711,17
7712,17
7713,17
7714,17
7715,17
7716,17
7717,17
7718,17
7719,17
7720,17
7721,17
7722,17
7723,17
7724,17
7725,17
7726,17
7727,17
7728,17
7729,17
7730,17
7731,17
7732,17
7733,17
7734,17
7735,17
7736,17
7737,17
7738,17
7739,17
7740,17
7741,17
7742,17
7743,17
7744,17
7745,17
7746,17
7747,17
7748,17
7749,17
7750,17
7751,17
7752,17
7753,17
7754,17
7755,17
7756,17
7757,17
7758,17
7759,17
7760,17
7761,17
7762,17
7763,17
7764,17
7765,17
7766,17
7767,17
7768,17
7769,17
7770,17
7771,17
7772,17
7773,17
7774,17
7775,17
7776,17
7777,17
7778,17
7779,17
7780,17
7781,17
7782,17
7783,17
7784,17
7785,17
7786,17
7787,17
7788,17
7789,17
7790,17
7791,17
7792,17
7793,17
7794,17
7795,17
7796,17
7797,17
7798,17
7799,17
7800,17
7801,17
7802,17
7803,17
7804,17
7805,17
7806,17
7807,17
7808,17
7809,17
7810,17
7811,17
7812,17
7813,17
7814,17
7815,17
7816,17
7817,17
7818,17
7819,17
7820,17
7821,17
7822,17
7823,17
7824,17
7825,17
7826,17
7827,17
7828,17
7829,17
7830,17
7831,17
7832,17
7833,17
7834,17
7835,17
7836,17
7837,17
7838,17
7839,17
7840,17
7841,17
7842,17
7843,17
7844,17
7845,17
7846,17
7847,17
7848,17
7849,17
7850,17
7851,17
7852,17
7853,17
7854,17
7855,17
7856,17
7857,17
7858,17
7859,17
7860,17
7861,17
7862,17
7863,17
7864,17
7865,17
7866,17
7867,17
7868,17
7869,17
7870,17
7871,17
7872,17
7873,17
7874,17
7875,17
7876,17
7877,17
7878,17
7879,17
7880,17
7881,17
7882,17
7883,17
7884,17
7885,17
7886,17
7887,17
7888,17
7889,17
7890,17
7891,17
7892,17
7893,17
7894,17
7895,17
7896,17
7897,17
7898,17
7899,17
7900,17
7901,17
7902,17
7903,17
7904,17
7905,17
7906,17
7907,17
7908,17
7909,17
7910,17
7911,17
7912,17
7913,17
7914,17
7915,17
7916,17
7917,17
7918,17
7919,17
7920,17
7921,17
7922,17
7923,17
7924,17
7925,17
7926,17
7927,17
7928,17
7929,17
7930,17
7931,17
7932,17
7933,17
7934,17
7935,17
7936,17
7937,17
7938,17
7939,17
7940,17
7941,17
7942,17
7943,17
7944,17
7945,17
7946,17
7947,17
7948,17
7949,17
7950,17
7951,17
7952,17
7953,17
7954,17
7955,17
7956,17
7957,17
7958,17
7959,17
7960,17
7961,17
7962,17
7963,17
7964,17
7965,17
7966,17
7967,17
7968,17
7969,17
7970,17
7971,17
7972,17
7973,17
7974,17
7975,17
7976,17
7977,17
7978,17
7979,17
7980,17
7981,17
7982,17
7983,17
7984,17
7985,17
7986,17
7987,17
7988,17
7989,17
7990,17
7991,17
7992,17
7993,17
7994,17
7995,17
7996,17
7997,17
7998,17
7999,17
8000,17
8001,17
8002,17
8003,17
8004,17
8005,17
8006,17
8007,17
8008,17
8009,17
8010,17
8011,17
8012,17
8013,17
8014,17
8015,17
8016,17
8017,17
8018,17
8019,17
8020,17
8021,17
8022,17
8023,17
8024,17
8025,17
8026,17
8027,17
8028,17
8029,17
8030,17
8031,17
8032,17
8033,17
8034,17
8035,17
8036,17
8037,17
8038,17
8039,17
8040,17
8041,17
8042,17
8043,17
8044,17
8045,17
8046,17
8047,17
8048,17
8049,17
8050,17
8051,17
8052,17
8053,17
8054,17
8055,17
8056,17
8057,17
8058,17
8059,17
8060,17
8061,17
8062,17
8063,17
8064,17
8065,17
8066,17
8067,17
8068,17
8069,17
8070,17
8071,17
8072,17
8073,17
8074,17
8075,17
8076,17
8077,17
8078,17
8079,17
8080,17
8081,17
8082,17
8083,17
8084,17
8085,17
8086,17
8087,17
8088,17
8089,17
8090,17
8091,17
8092,17
8093,17
8094,17
8095,17
8096,17
8097,17
8098,17
8099,17
8100,17
8101,17
8102,17
8103,17
8104,17
8105,17
8106,17
8107,17
8108,17
8109,17
8110,17
8111,17
8112,17
8113,17
8114,17
8115,17
8116,17
8117,17
8118,17
8119,17
8120,17
8121,17
8122,17
8123,17
8124,17
8125,17
8126,17
8127,17
8128,17
8129,17
8130,17
8131,17
8132,17
8133,17
8134,17
8135,17
8136,17
8137,17
8138,17
8139,17
8140,17
8141,17
8142,17
8143,17
8144,17
8145,17
8146,17
8147,17
8148,17
8149,17
8150,17
8151,17
8152,17
8153,17
8154,17
8155,17
8156,17
8157,17
8158,17
8159,17
8160,17
8161,17
8162,17
8163,17
8164,17
8165,17
8166,17
8167,17
8168,17
8169,17
8170,17
8171,17
8172,17
8173,17
8174,17
8175,17
8176,17
8177,17
8178,17
8179,17
8180,17
8181,17
8182,17
8183,17
8184,17
8185,17
8186,17
8187,17
8188,17
8189,17
8190,17
8191,17
8192,17
8193,17
8194,17
8195,17
8196,17
8197,17
8198,17
8199,17
8200,17
8201,17
8202,17
8203,17
8204,17
8205,17
8206,17
8207,17
8208,17
8209,17
8210,17
8211,17
8212,17
8213,17
8214,17
8215,17
8216,17
8217,17
8218,17
8219,17
8220,17
8221,17
8222,17
8223,17
8224,17
8225,17
8226,17
8227,17
8228,17
8229,17
8230,17
8231,17
8232,17
8233,17
8234,17
8235,17
8236,17
8237,17
8238,17
8239,17
8240,17
8241,17
8242,17
8243,17
8244,17
8245,17
8246,17
8247,17
8248,17
8249,17
8250,17
8251,17
8252,17
8253,17
8254,17
8255,17
8256,17
8257,17
8258,17
8259,17
8260,17
8261,17
8262,17
8263,17
8264,17
8265,17
8266,17
8267,17
8268,17
8269,17
8270,17
8271,17
8272,17
8273,17
8274,17
8275,17
8276,17
8277,17
8278,17
8279,17
8280,17
8281,17
8282,17
8283,17
8284,17
8285,17
8286,17
8287,17
8288,17
8289,17
8290,17
8291,17
8292,17
8293,17
8294,17
8295,17
8296,17
8297,17
8298,17
8299,17
8300,17
8301,17
8302,17
8303,17
8304,17
8305,17
8306,17
8307,17
8308,17
8309,17
8310,17
8311,17
8312,17
8313,17
8314,17
8315,17
8316,17
8317,17
8318,17
8319,17
8320,17
8321,17
8322,17
8323,17
8324,17
8325,17
8326,17
8327,17
8328,17
8329,17
8330,17
8331,17
8332,17
8333,17
8334,17
8335,17
8336,17
8337,17
8338,17
8339,17
8340,17
8341,17
8342,17
8343,17
8344,17
8345,17
8346,17
8347,17
8348,17
8349,17
8350,17
8351,17
8352,17
8353,17
8354,17
8355,17
8356,17
8357,17
8358,17
8359,17
8360,17
8361,17
8362,17
8363,17
8364,17
8365,17
8366,17
8367,17
8368,17
8369,17
8370,17
8371,17
8372,17
8373,17
8374,17
8375,17
8376,17
8377,17
8378,17
8379,17
8380,17
8381,17
8382,17
8383,17
8384,17
8385,17
8386,17
8387,17
8388,17
8389,17
8390,17
8391,17
8392,17
8393,17
8394,17
8395,17
8396,17
8397,17
8398,17
8399,17
8400,17
8401,17
8402,17
8403,17
8404,17
8405,17
8406,17
8407,17
8408,17
8409,17
8410,17
8411,17
8412,17
8413,17
8414,17
8415,17
8416,17
8417,17
8418,17
8419,17
8420,17
8421,17
8422,17
8423,17
8424,17
8425,17
8426,17
8427,17
8428,17
8429,17
8430,17
8431,17
8432,17
8433,17
8434,17
8435,17
8436,17
8437,17
8438,17
8439,17
8440,17
8441,17
8442,17
8443,17
8444,17
8445,17
8446,17
8447,17
8448,17
8449,17
8450,17
8451,17
8452,17
8453,17
8454,17
8455,17
8456,17
8457,17
8458,17
8459,17
8460,17
8461,17
8462,17
8463,17
8464,17
8465,17
8466,17
8467,17
8468,17
8469,17
8470,17
8471,17
8472,17
8473,17
8474,17
8475,17
8476,17
8477,17
8478,17
8479,17
8480,17
8481,17
8482,17
8483,17
8484,17
8485,17
8486,17
8487,17
8488,17
8489,17
8490,17
8491,17
8492,17
8493,17
8494,17
8495,17
8496,17
8497,17
8498,17
8499,17
8500,17
8501,17
8502,17
8503,17
8504,17
8505,17
8506,17
8507,17
8508,17
8509,17
8510,17
8511,17
8512,17
8513,17
8514,17
8515,17
8516,17
8517,17
8518,17
8519,17
8520,17
8521,17
8522,17
8523,17
8524,17
8525,17
8526,17
8527,17
8528,17
8529,17
8530,17
8531,17
8532,17
8533,17
8534,17
8535,17
8536,17
8537,17
8538,17
8539,17
8540,17
8541,17
8542,17
8543,17
8544,17
8545,17
8546,17
8547,17
8548,17
8549,17
8550,17
8551,17
8552,17
8553,17
8554,17
8555,17
8556,17
8557,17
8558,17
8559,17
8560,17
8561,17
8562,17
8563,17
8564,17
8565,17
8566,17
8567,17
8568,17
8569,17
8570,17
8571,17
8572,17
8573,17
8574,17
8575,17
8576,17
8577,17
8578,17
8579,17
8580,17
8581,17
8582,17
8583,17
8584,17
8585,17
8586,17
8587,17
8588,17
8589,17
8590,17
8591,17
8592,17
8593,17
8594,17
8595,17
8596,17
8597,17
8598,17
8599,17
8600,17
8601,17
8602,17
8603,17
8604,17
8605,17
8606,17
8607,17
8608,17
8609,17
8610,17
8611,17
8612,17
8613,17
8614,17
8615,17
8616,17
8617,17
8618,17
8619,17
8620,17
8621,17
8622,17
8623,17
8624,17
8625,17
8626,17
8627,17
8628,17
8629,17
8630,17
8631,17
8632,17
8633,17
8634,17
8635,17
8636,17
8637,17
8638,17
8639,17
8640,17
8641,17
8642,17
8643,17
8644,17
8645,17
8646,17
8647,17
8648,17
8649,17
8650,17
8651,17
8652,17
8653,17
8654,17
8655,17
8656,17
8657,17
8658,17
8659,17
8660,17
8661,18
8662,18
8663,18
8664,18
8665,18
8666,18
8667,18
8668,18
8669,18
8670,18
8671,18
8672,18
8673,18
8674,18
8675,18
8676,18
8677,18
8678,18
8679,18
8680,18
8681,18
8682,18
8683,18
8684,18
8685,18
8686,18
8687,18
8688,18
8689,18
8690,18
8691,18
8692,18
8693,18
8694,18
8695,18
8696,18
8697,18
8698,18
8699,18
8700,18
8701,18
8702,18
8703,18
8704,18
8705,18
8706,18
8707,18
8708,18
8709,18
8710,18
8711,18
8712,18
8713,18
8714,18
8715,18
8716,18
8717,18
8718,18
8719,18
8720,18
8721,18
8722,18
8723,18
8724,18
8725,18
8726,18
8727,18
8728,18
8729,18
8730,18
8731,18
8732,18
8733,18
8734,18
8735,18
8736,18
8737,18
8738,18
8739,18
8740,18
8741,18
8742,18
8743,18
8744,18
8745,18
8746,18
8747,18
8748,18
8749,18
8750,18
8751,18
8752,18
8753,18
8754,18
8755,18
8756,18
8757,18
8758,18
8759,18
8760,18
8761,18
8762,18
8763,18
8764,18
8765,18
8766,18
8767,18
8768,18
8769,18
8770,18
8771,18
8772,18
8773,18
8774,18
8775,18
8776,18
8777,18
8778,18
8779,18
8780,18
8781,18
8782,18
8783,18
8784,18
8785,18
8786,18
8787,18
8788,18
8789,18
8790,18
8791,18
8792,18
8793,18
8794,18
8795,18
8796,18
8797,18
8798,18
8799,18
8800,18
8801,18
8802,18
8803,18
8804,18
8805,18
8806,18
8807,18
8808,18
8809,18
8810,18
8811,18
8812,18
8813,18
8814,18
8815,18
8816,18
8817,18
8818,18
8819,18
8820,18
8821,18
8822,18
8823,18
8824,18
8825,18
8826,18
8827,18
8828,18
8829,18
8830,18
8831,18
8832,18
8833,18
8834,18
8835,18
8836,18
8837,18
8838,18
8839,18
8840,18
8841,18
8842,18
8843,18
8844,18
8845,18
8846,18
8847,18
8848,18
8849,18
8850,18
8851,18
8852,18
8853,18
8854,18
8855,18
8856,18
8857,18
8858,18
8859,18
8860,18
8861,18
8862,18
8863,18
8864,18
8865,18
8866,18
8867,18
8868,18
8869,18
8870,18
8871,18
8872,18
8873,18
8874,18
8875,18
8876,18
8877,18
8878,18
8879,18
8880,18
8881,18
8882,18
8883,18
8884,18
8885,18
8886,18
8887,18
8888,18
8889,18
8890,18
8891,18
8892,18
8893,18
8894,18
8895,18
8896,18
8897,18
8898,18
8899,18
8900,18
8901,18
8902,18
8903,18
8904,18
8905,18
8906,18
8907,18
8908,18
8909,18
8910,18
8911,18
8912,18
8913,18
8914,18
8915,18
8916,18
8917,18
8918,18
8919,18
8920,18
8921,18
8922,18
8923,18
8924,18
8925,18
8926,18
8927,18
8928,18
8929,18
8930,18
8931,18
8932,18
8933,18
8934,18
8935,18
8936,18
8937,18
8938,18
8939,18
8940,18
8941,18
8942,18
8943,18
8944,18
8945,18
8946,18
8947,18
8948,18
8949,18
8950,18
8951,18
8952,18
8953,18
8954,18
8955,18
8956,18
8957,18
8958,18
8959,18
8960,18
8961,18
8962,18
8963,18
8964,18
8965,18
8966,18
8967,18
8968,18
8969,18
8970,18
8971,18
8972,18
8973,18
8974,18
8975,18
8976,18
8977,18
8978,18
8979,18
8980,18
8981,18
8982,18
8983,18
8984,18
8985,18
8986,18
8987,18
8988,18
8989,18
8990,18
8991,18
8992,18
8993,18
8994,18
8995,18
8996,18
8997,18
8998,18
8999,18
9000,18
9001,18
9002,18
9003,18
9004,18
9005,18
9006,18
9007,18
9008,18
9009,18
9010,18
9011,18
9012,18
9013,18
9014,18
9015,18
9016,18
9017,18
9018,18
9019,18
9020,18
9021,18
9022,18
9023,18
9024,18
9025,18
9026,18
9027,18
9028,18
9029,18
9030,18
9031,18
9032,18
9033,18
9034,18
9035,18
9036,18
9037,18
9038,18
9039,18
9040,18
9041,18
9042,18
9043,18
9044,18
9045,18
9046,18
9047,18
9048,18
9049,18
9050,18
9051,18
9052,18
9053,18
9054,18
9055,18
9056,18
9057,18
9058,18
9059,18
9060,18
9061,18
9062,18
9063,18
9064,18
9065,18
9066,18
9067,18
9068,18
9069,18
9070,18
9071,18
9072,18
9073,18
9074,18
9075,18
9076,18
9077,18
9078,18
9079,18
9080,18
9081,18
9082,18
9083,18
9084,18
9085,18
9086,18
9087,18
9088,18
9089,18
9090,18
9091,18
9092,18
9093,18
9094,18
9095,18
9096,18
9097,18
9098,18
9099,18
9100,18
9101,18
9102,18
9103,18
9104,18
9105,18
9106,18
9107,18
9108,18
9109,18
9110,18
9111,18
9112,18
9113,18
9114,18
9115,18
9116,18
9117,18
9118,18
9119,18
9120,18
9121,18
9122,18
9123,18
9124,18
9125,18
9126,18
9127,18
9128,18
9129,18
9130,18
9131,18
9132,18
9133,18
9134,18
9135,18
9136,18
9137,18
9138,18
9139,18
9140,18
9141,18
9142,18
9143,18
9144,18
9145,18
9146,18
9147,18
9148,18
9149,18
9150,18
9151,18
9152,18
9153,18
9154,18
9155,18
9156,18
9157,18
9158,18
9159,18
9160,18
9161,18
9162,18
9163,18
9164,18
9165,18
9166,18
9167,18
9168,18
9169,18
9170,18
9171,18
9172,18
9173,18
9174,18
9175,18
9176,18
9177,18
9178,18
9179,18
9180,18
9181,18
9182,18
9183,18
9184,18
9185,18
9186,18
9187,18
9188,18
9189,18
9190,18
9191,18
9192,18
9193,18
9194,18
9195,18
9196,18
9197,18
9198,18
9199,18
9200,18
9201,18
9202,18
9203,18
9204,18
9205,18
9206,18
9207,18
9208,18
9209,18
9210,18
9211,18
9212,18
9213,18
9214,18
9215,18
9216,18
9217,18
9218,18
9219,18
9220,18
9221,18
9222,18
9223,18
9224,18
9225,18
9226,18
9227,18
9228,18
9229,18
9230,18
9231,18
9232,18
9233,18
9234,18
9235,18
9236,18
9237,18
9238,18
9239,18
9240,18
9241,18
9242,18
9243,18
9244,18
9245,18
9246,18
9247,18
9248,18
9249,18
9250,18
9251,18
9252,18
9253,18
9254,18
9255,18
9256,18
9257,18
9258,18
9259,18
9260,18
9261,18
9262,18
9263,18
9264,18
9265,18
9266,18
9267,18
9268,18
9269,18
9270,18
9271,18
9272,18
9273,18
9274,18
9275,18
9276,18
9277,18
9278,18
9279,18
9280,18
9281,18
9282,18
9283,18
9284,18
9285,18
9286,18
9287,18
9288,18
9289,18
9290,18
9291,18
9292,18
9293,18
9294,18
9295,18
9296,18
9297,18
9298,18
9299,18
9300,18
9301,18
9302,18
9303,18
9304,18
9305,18
9306,18
9307,18
9308,18
9309,18
9310,18
9311,18
9312,18
9313,18
9314,18
9315,18
9316,18
9317,18
9318,18
9319,18
9320,18
9321,18
9322,18
9323,18
9324,18
9325,18
9326,18
9327,18
9328,18
9329,18
9330,18
9331,18
9332,18
9333,18
9334,18
9335,18
9336,18
9337,18
9338,18
9339,18
9340,18
9341,18
9342,18
9343,18
9344,18
9345,18
9346,18
9347,18
9348,18
9349,18
9350,18
9351,18
9352,18
9353,18
9354,18
9355,18
9356,18
9357,18
9358,18
9359,18
9360,18
9361,18
9362,18
9363,18
9364,18
9365,18
9366,18
9367,18
9368,18
9369,18
9370,18
9371,18
9372,18
9373,18
9374,18
9375,18
9376,18
9377,18
9378,18
9379,18
9380,18
9381,18
9382,18
9383,18
9384,18
9385,18
9386,18
9387,18
9388,18
9389,18
9390,18
9391,18
9392,18
9393,18
9394,18
9395,18
9396,18
9397,18
9398,18
9399,18
9400,18
9401,18
9402,18
9403,18
9404,18
9405,18
9406,18
9407,18
9408,18
9409,18
9410,18
9411,18
9412,18
9413,18
9414,18
9415,18
9416,18
9417,18
9418,18
9419,18
9420,18
9421,18
9422,18
9423,18
9424,18
9425,18
9426,18
9427,18
9428,18
9429,18
9430,18
9431,18
9432,18
9433,18
9434,18
9435,18
9436,18
9437,18
9438,18
9439,18
9440,18
9441,18
9442,18
9443,18
9444,18
9445,18
9446,18
9447,18
9448,18
9449,18
9450,18
9451,18
9452,18
9453,18
9454,18
9455,18
9456,18
9457,18
9458,18
9459,18
9460,18
9461,18
9462,18
9463,18
9464,18
9465,18
9466,18
9467,18
9468,18
9469,18
9470,18
9471,18
9472,18
9473,18
9474,18
9475,18
9476,18
9477,18
9478,18
9479,18
9480,18
9481,18
9482,18
9483,18
9484,18
9485,18
9486,18
9487,18
9488,18
9489,18
9490,18
9491,18
9492,18
9493,18
9494,18
9495,18
9496,18
9497,18
9498,18
9499,18
9500,18
9501,18
9502,18
9503,18
9504,18
9505,18
9506,18
9507,18
9508,18
9509,18
9510,18
9511,18
9512,18
9513,18
9514,18
9515,18
9516,18
9517,18
9518,18
9519,18
9520,18
9521,18
9522,18
9523,18
9524,18
9525,18
9526,18
9527,18
9528,18
9529,18
9530,18
9531,18
9532,18
9533,18
9534,18
9535,18
9536,18
9537,18
9538,18
9539,18
9540,18
9541,18
9542,18
9543,18
9544,18
9545,18
9546,18
9547,18
9548,18
9549,18
9550,18
9551,18
9552,18
9553,18
9554,18
9555,18
9556,18
9557,18
9558,18
9559,18
9560,18
9561,18
9562,18
9563,18
9564,18
9565,18
9566,18
9567,18
9568,18
9569,18
9570,18
9571,18
9572,18
9573,18
9574,18
9575,18
9576,18
9577,18
9578,18
9579,18
9580,18
9581,18
9582,18
9583,18
9584,18
9585,18
9586,18
9587,18
9588,18
9589,18
9590,18
9591,18
9592,18
9593,18
9594,18
9595,18
9596,18
9597,18
9598,18
9599,18
9600,18
9601,18
9602,18
9603,18
9604,18
9605,18
9606,18
9607,18
9608,18
9609,18
9610,18
9611,18
9612,18
9613,18
9614,18
9615,18
9616,18
9617,18
9618,18
9619,18
9620,18
9621,18
9622,18
9623,18
9624,18
9625,18
9626,18
9627,18
9628,18
9629,18
9630,18
9631,18
9632,18
9633,18
9634,18
9635,18
9636,18
9637,18
9638,18
9639,18
9640,18
9641,18
9642,18
9643,18
9644,18
9645,18
9646,18
9647,18
9648,18
9649,18
9650,18
9651,18
9652,18
9653,18
9654,18
9655,18
9656,18
9657,18
9658,18
9659,18
9660,18
9661,18
9662,18
9663,18
9664,18
9665,18
9666,18
9667,18
9668,18
9669,18
9670,18
9671,18
9672,18
9673,18
9674,18
9675,18
9676,18
9677,18
9678,18
9679,18
9680,18
9681,18
9682,18
9683,18
9684,18
9685,18
9686,18
9687,18
9688,18
9689,18
9690,18
9691,18
9692,18
9693,18
9694,18
9695,18
9696,18
9697,18
9698,18
9699,18
9700,18
9701,18
9702,18
9703,18
9704,18
9705,18
9706,18
9707,18
9708,18
9709,18
9710,18
9711,18
9712,18
9713,18
9714,18
9715,18
9716,18
9717,18
9718,18
9719,18
9720,18
9721,18
9722,18
9723,18
9724,18
9725,18
9726,18
9727,18
9728,18
9729,18
9730,18
9731,18
9732,18
9733,18
9734,18
9735,18
9736,18
9737,18
9738,18
9739,18
9740,18
9741,18
9742,18
9743,18
9744,18
9745,18
9746,18
9747,18
9748,18
9749,18
9750,18
9751,18
9752,18
9753,18
9754,18
9755,18
9756,18
9757,18
9758,18
9759,18
9760,18
9761,18
9762,18
9763,18
9764,18
9765,18
9766,18
9767,18
9768,18
9769,18
9770,18
9771,18
9772,18
9773,18
9774,18
9775,18
9776,18
9777,18
9778,18
9779,18
9780,18
9781,18
9782,18
9783,18
9784,18
9785,18
9786,18
9787,18
9788,18
9789,18
9790,18
9791,18
9792,18
9793,18
9794,18
9795,18
9796,18
9797,18
9798,18
9799,18
9800,18
9801,18
9802,18
9803,18
9804,18
9805,18
9806,18
9807,18
9808,18
9809,18
9810,18
9811,18
9812,18
9813,18
9814,18
9815,18
9816,18
9817,18
9818,18
9819,18
9820,18
9821,18
9822,18
9823,18
9824,18
9825,18
9826,18
9827,18
9828,18
9829,18
9830,18
9831,18
9832,18
9833,18
9834,18
9835,18
9836,18
9837,18
9838,18
9839,18
9840,18
9841,18
9842,18
9843,18
9844,18
9845,18
9846,18
9847,18
9848,18
9849,18
9850,18
9851,18
9852,18
9853,18
9854,18
9855,18
9856,18
9857,18
9858,18
9859,18
9860,18
9861,18
9862,18
9863,18
9864,18
9865,18
9866,18
9867,18
9868,18
9869,18
9870,18
9871,18
9872,18
9873,18
9874,18
9875,18
9876,18
9877,18
9878,18
9879,18
9880,18
9881,18
9882,18
9883,18
9884,18
9885,18
9886,18
9887,18
9888,18
9889,18
9890,18
9891,18
9892,18
9893,18
9894,18
9895,18
9896,18
9897,18
9898,18
9899,18
9900,18
9901,18
9902,18
9903,18
9904,18
9905,18
9906,18
9907,18
9908,18
9909,18
9910,18
9911,18
9912,18
9913,18
9914,18
9915,18
9916,18
9917,18
9918,18
9919,18
9920,18
9921,18
9922,18
9923,18
9924,18
9925,18
9926,18
9927,18
9928,18
9929,18
9930,18
9931,18
9932,18
9933,18
9934,18
9935,18
9936,18
9937,18
9938,18
9939,18
9940,18
9941,18
9942,18
9943,18
9944,18
9945,18
9946,18
9947,18
9948,18
9949,18
9950,18
9951,18
9952,18
9953,18
9954,18
9955,18
9956,18
9957,18
9958,18
9959,18
9960,18
9961,18
9962,18
9963,18
9964,18
9965,18
9966,18
9967,18
9968,18
9969,18
9970,18
9971,18
9972,18
9973,18
9974,18
9975,18
9976,18
9977,18
9978,18
9979,18
9980,18
9981,18
9982,18
9983,18
9984,18
9985,18
9986,18
9987,18
9988,18
9989,18
9990,18
9991,18
9992,18
9993,18
9994,18
9995,18
9996,18
9997,18
9998,18
9999,18
